﻿<project version="2.9" name="jBOOKING mocks" ID="080AF74B-2476-4E77-97BE-11E1CDCEAE6B">
  <params>
    <pageParam version="5.3" minAllowVersion="5.3"/>
    <projectParam version="2.9" minAllowVersion="2.9" platform="MtMobile" orientation="MoPortrait" mobileScreenScale="1.77777779102325" mobileType="mmtIOS" pageSize="(375,667)" backgroundColor="4294914918" fontSize="14" fontFamily="Segoe UI" projectType="ptPersonalProject" isShowTitleIndex="True"/>
    <previewParam version="1.0"/>
    <colorParam version="1.0"/>
  </params>
  <pages>
    <page name="HOME" ID="FF06577E-37F3-4CE6-A84D-F613E357E82F" expanded="True" status="psGreen" isfolder="True" isshownode="True">
      <page name="Home" ID="FF4BBB6F-3DA3-46CF-953C-524927FDD622" expanded="True" code="LgcsbgeQ6J" thumbCode="LgcsbgeQ6J" isLastOpen="True" status="psWhite" isfolder="False" isshownode="True">
        <images>
          <image key="97D4F3C662D19EC563BD0682AD2EBBFC.png"/>
        </images>
      </page>
    </page>
    <page name="USUARIOS" ID="8C6ED664-6353-4C05-940F-991D9C862BD5" expanded="True" status="psGreen" isfolder="True" isshownode="True">
      <page name="Crear Usuario" ID="2CEF0520-4CB6-4CED-B5EF-28C1569FB34F" expanded="True" code="3whaiUa6iI" thumbCode="3whaiUa6iI" status="psWhite" isfolder="False" isshownode="True">
        <images>
          <image key="C7D1B4CE058A7FC0691E8FF41CC36AD9.svg"/>
        </images>
      </page>
      <page name="Editar" ID="2AE00A74-472E-4368-B3CF-336C46FAA9A3" expanded="True" code="OdgjshAWKN" thumbCode="OdgjshAWKN" status="psWhite" isfolder="False" isshownode="True">
        <images>
          <image key="C7D1B4CE058A7FC0691E8FF41CC36AD9.svg"/>
        </images>
      </page>
      <page name="IPropietario" ID="BAEA970F-6CCE-44DA-8B10-77A9001D2B80" expanded="True" code="aGMK6FmTVZ" thumbCode="aGMK6FmTVZ" status="psWhite" isfolder="False" isshownode="True">
        <images>
          <image key="42CF9E031360EBC09387427849BF6328.svg"/>
          <image key="FD5CF7838E7C00CBBC5B6A0AD4A370CC.jpg"/>
          <image key="69A4D1E5CE13432C6A4F579026917C6A.svg"/>
        </images>
        <page name="Agregar Lugar Turistico" ID="7B1338DC-7836-497E-8A2C-0A82ADC2417F" expanded="True" code="ZxzfuVumkw" thumbCode="ZxzfuVumkw" status="psWhite" isfolder="False" isshownode="True">
          <images>
            <image key="C7D1B4CE058A7FC0691E8FF41CC36AD9.svg"/>
          </images>
        </page>
        <page name="Eliminar lugar turistico" ID="EA5C7403-7F9A-4FB9-9825-221341F7FACF" expanded="True" code="6OP6nSXkwy" thumbCode="6OP6nSXkwy" status="psWhite" isfolder="False" isshownode="True">
          <images>
            <image key="5BBAB6C8D534A14AD08FCABF1A1A7A3F.png"/>
          </images>
        </page>
      </page>
      <page name="IHuesped" ID="4A25728C-23A3-45CE-B19F-11BE66CA3488" expanded="True" code="2kIX3mILwJ" thumbCode="2kIX3mILwJ" status="psWhite" isfolder="False" isshownode="True">
        <images>
          <image key="C487087161B7AFAC4353A4C6F54A65A1.svg"/>
          <image key="84C108F2F94618B81EB457895C342A32.png"/>
          <image key="42CF9E031360EBC09387427849BF6328.svg"/>
          <image key="69A4D1E5CE13432C6A4F579026917C6A.svg"/>
          <image key="7368E932054EB35095B123FCB5C28A31.svg"/>
        </images>
        <page name="Consultar historico de reservas" ID="CF26A424-4213-4ABB-AAA1-6C8234FC2E67" expanded="True" code="8hvc3SmryJ" thumbCode="" status="psWhite" isfolder="False" isshownode="True">
          <page name="Reserva" ID="51BB6B74-A3EC-4FA3-9BEB-3E0DE39AE3B7" expanded="True" code="hmA8kRTxWs" thumbCode="hmA8kRTxWs" status="psWhite" isfolder="False" isshownode="True">
            <images>
              <image key="C487087161B7AFAC4353A4C6F54A65A1.svg"/>
              <image key="22A1F7B7E7140DF163EEA0976AF32963.svg"/>
              <image key="7368E932054EB35095B123FCB5C28A31.svg"/>
            </images>
          </page>
        </page>
      </page>
      <page name="IAnfitrion" ID="24755839-CA37-412E-AB99-3F04D2D570A1" expanded="True" code="sCyAFuQcVK" thumbCode="sCyAFuQcVK" status="psWhite" isfolder="False" isshownode="True">
        <images>
          <image key="9A6AEB3174A5BB0315ED32604B13CCA5.png"/>
          <image key="42CF9E031360EBC09387427849BF6328.svg"/>
          <image key="C487087161B7AFAC4353A4C6F54A65A1.svg"/>
          <image key="69A4D1E5CE13432C6A4F579026917C6A.svg"/>
          <image key="7368E932054EB35095B123FCB5C28A31.svg"/>
        </images>
        <page name="Agregar Alojamiento" ID="D81B46C2-E051-40D7-A4E6-4E378AFCF37F" expanded="True" code="J77LiI25JT" thumbCode="J77LiI25JT" status="psWhite" isfolder="False" isshownode="True">
          <images>
            <image key="C7D1B4CE058A7FC0691E8FF41CC36AD9.svg"/>
          </images>
          <page name="Page" ID="B0F56E1A-4FEA-41EC-A853-0884D4623B95" expanded="True" code="KYORWqn2h4" thumbCode="KYORWqn2h4" status="psWhite" isfolder="False" isshownode="True">
            <images>
              <image key="43BAF16D6FC23098DB0ADEC98A497426.png"/>
              <image key="951503B0C4368CFA0E903D5CEA6A015B.png"/>
              <image key="DF5BEB1F472CB8A14FE07B5BE260D462.png"/>
              <image key="C88885CBAE6550C7389BC3AA5EE2B5DE.svg"/>
              <image key="8629D629065717A794E65BC5FABB910C.png"/>
            </images>
            <page name="Edit" ID="B02C8C47-74B2-4FB7-8C67-6C8CE5D01F9E" expanded="True" status="psGreen" isfolder="True" isshownode="True">
              <page name="Descripcion1" ID="80610FB0-33C8-4991-BE8A-152F02286552" expanded="True" code="8WD3yd45e7" thumbCode="8WD3yd45e7" status="psWhite" isfolder="False" isshownode="True">
                <images>
                  <image key="69A4D1E5CE13432C6A4F579026917C6A.svg"/>
                  <image key="1414D2E24C310E0B7AADAD41D1B89105.png"/>
                </images>
              </page>
              <page name="Servicios1" ID="1913AC16-7E71-4FFA-BD47-0D3F15AF0C15" expanded="True" code="ynmfwJaQiA" thumbCode="ynmfwJaQiA" status="psWhite" isfolder="False" isshownode="True">
                <images>
                  <image key="69A4D1E5CE13432C6A4F579026917C6A.svg"/>
                  <image key="A79354507E3ED01EBF735C2188CE6BC5.jpg"/>
                </images>
              </page>
              <page name="Disponibilidad1" ID="1529A99A-F52B-4731-8729-213B68297768" expanded="True" code="RyWAn6Ge9q" thumbCode="RyWAn6Ge9q" status="psWhite" isfolder="False" isshownode="True">
                <images>
                  <image key="777B16BDFEAB12B02962E933BE488079.png"/>
                </images>
              </page>
              <page name="Precios" ID="A240AD2B-9B09-4AB6-9B4C-D3C95B9375FD" expanded="True" code="3e77Lvy5Na" thumbCode="3e77Lvy5Na" status="psWhite" isfolder="False" isshownode="True">
                <images>
                  <image key="03D6E278079840FF9637232B5FCD6ED2.png"/>
                </images>
              </page>
              <page name="Fotos" ID="948BE358-BDC4-4C58-AF4C-0A79A710DFDC" expanded="True" code="AkzA8VUdp2" thumbCode="AkzA8VUdp2" status="psWhite" isfolder="False" isshownode="True">
                <images>
                  <image key="88012E1A2C8241F428ABAC8AA8AFBDED.png"/>
                  <image key="713242C3B48D0C6CF18E50C16DA717DE.png"/>
                  <image key="20F746994071EF3A15E1C6ECB9BA9C35.png"/>
                  <image key="610A59C050B82CD11B7BF12B29E90109.png"/>
                  <image key="6A29AA76A42F30B8F7C9D7981383A05B.png"/>
                  <image key="D17252E6884679DD4C7029591E79611D.png"/>
                  <image key="C7D1B4CE058A7FC0691E8FF41CC36AD9.svg"/>
                  <image key="E2DEBAC4A61E3CBAD356DF4B61369BEA.png"/>
                  <image key="E32AD7E45252099E5EDCAACC88A163C3.png"/>
                </images>
              </page>
            </page>
          </page>
        </page>
      </page>
      <page name="Eliminar alojamiento" ID="78CC37F3-480C-42CD-A995-6D511235713E" expanded="True" code="EmzTy8NkLj" thumbCode="EmzTy8NkLj" status="psWhite" isfolder="False" isshownode="True">
        <images>
          <image key="CF3D6C81873FD2E472CF3522D4A5B674.jpg"/>
        </images>
      </page>
      <page name="Editar" ID="A476761A-BA8F-4257-9CE2-2048037BC6BC" expanded="True" code="L3Cwii3nvO" thumbCode="L3Cwii3nvO" status="psWhite" isfolder="False" isshownode="True">
        <images>
          <image key="5B3721D1DAE91E54664201D5136D8F7B.jpg"/>
        </images>
      </page>
    </page>
    <page name="RESERVAR" ID="F527BD26-DCA5-4700-951D-F81AAFBF6DE4" expanded="True" status="psGreen" isfolder="True" isshownode="True">
      <page name="EL anfitrion" ID="C2BC9B56-4D77-488D-9F1A-FE42C84723E3" expanded="True" code="DjlrqJXEUw" thumbCode="DjlrqJXEUw" status="psWhite" isfolder="False" isshownode="True">
        <images>
          <image key="8E021F319EFB0FAB66CEDD121D1F544F.jpg"/>
          <image key="E3B2C1C8BDAF8C08E7BA3797633AD204.jpg"/>
          <image key="F5B0FFCDE2455616FF86122E2451CBB6.svg"/>
          <image key="A037226386BDB5B242411B8F0B643A28.png"/>
          <image key="7368E932054EB35095B123FCB5C28A31.svg"/>
        </images>
      </page>
      <page name="Vista mapa" ID="12A7678B-F061-494E-948E-D0AD08EC0D16" expanded="True" code="s9ywsqc4Ve" thumbCode="s9ywsqc4Ve" status="psWhite" isfolder="False" isshownode="True">
        <images>
          <image key="6C8BC6B2B9FA7B8BF47604B61E110114.svg"/>
          <image key="EE04925DDE4EB9BF58D807978ECA60CB.svg"/>
          <image key="2784B999C40CAFF09E2D9FF5F4DBA473.svg"/>
          <image key="B8225B5A26D3B51DA6C5D7C489719B3B.svg"/>
        </images>
        <page name="ALojamiento" ID="382B8321-8E5C-4F77-A6F2-C5DD186CA38F" expanded="True" code="I9iAzvEXrg" thumbCode="I9iAzvEXrg" status="psWhite" isfolder="False" isshownode="True">
          <images>
            <image key="C487087161B7AFAC4353A4C6F54A65A1.svg"/>
            <image key="951503B0C4368CFA0E903D5CEA6A015B.png"/>
            <image key="DF5BEB1F472CB8A14FE07B5BE260D462.png"/>
            <image key="88012E1A2C8241F428ABAC8AA8AFBDED.png"/>
            <image key="C88885CBAE6550C7389BC3AA5EE2B5DE.svg"/>
            <image key="610A59C050B82CD11B7BF12B29E90109.png"/>
            <image key="6A29AA76A42F30B8F7C9D7981383A05B.png"/>
            <image key="E3B2C1C8BDAF8C08E7BA3797633AD204.jpg"/>
            <image key="713242C3B48D0C6CF18E50C16DA717DE.png"/>
            <image key="D17252E6884679DD4C7029591E79611D.png"/>
            <image key="E2DEBAC4A61E3CBAD356DF4B61369BEA.png"/>
            <image key="E32AD7E45252099E5EDCAACC88A163C3.png"/>
            <image key="7368E932054EB35095B123FCB5C28A31.svg"/>
            <image key="43BAF16D6FC23098DB0ADEC98A497426.png"/>
          </images>
          <page name="Descripcion" ID="76352F63-FBEE-4F9A-951A-464A0E6F8AF6" expanded="True" code="TxwdgGdapT" thumbCode="TxwdgGdapT" status="psWhite" isfolder="False" isshownode="True">
            <images>
              <image key="1414D2E24C310E0B7AADAD41D1B89105.png"/>
            </images>
          </page>
          <page name="Servicios" ID="66672331-375D-4E4D-812A-83329A789286" expanded="True" code="bcPacDX23l" thumbCode="92hNuKSbwU" status="psWhite" isfolder="False" isshownode="True">
            <images>
              <image key="A79354507E3ED01EBF735C2188CE6BC5.jpg"/>
            </images>
          </page>
          <page name="Disponibilidad" ID="4A499435-2FCA-4ABE-AD8B-BBA1EB7A4F07" expanded="True" code="rJFqMjg6f9" thumbCode="rJFqMjg6f9" status="psWhite" isfolder="False" isshownode="True">
            <images>
              <image key="777B16BDFEAB12B02962E933BE488079.png"/>
            </images>
          </page>
          <page name="Comentarios" ID="D2850252-546D-4F0F-9E67-613351438C4B" expanded="True" code="8MmosLF4Ky" thumbCode="8MmosLF4Ky" status="psWhite" isfolder="False" isshownode="True">
            <images>
              <image key="85C8C8644BFE51FF91D2CFFB5574D9CB.png"/>
              <image key="C487087161B7AFAC4353A4C6F54A65A1.svg"/>
              <image key="62354FD9F505E0F380C5BF351347DF6B.jpg"/>
              <image key="7368E932054EB35095B123FCB5C28A31.svg"/>
            </images>
          </page>
        </page>
        <page name="Reservar" ID="2FAEB5B3-E2C1-41F3-A190-82733C4E24BB" expanded="True" code="BYgedvWIhw" thumbCode="BYgedvWIhw" status="psWhite" isfolder="False" isshownode="True">
          <images>
            <image key="84E43FD667F4EA128EEFBAD7B03B51F5.svg"/>
            <image key="F8B7AE3554E89970A191B251BACE6CD0.svg"/>
          </images>
        </page>
      </page>
    </page>
  </pages>
  <trash>
    <page name="Page" ID="42D9D294-BCFA-48A8-8CC2-510E64D08428" expanded="True" code="WmnnrEOfKi" thumbCode="lDNvWyiuu1" isLastOpen="True" status="psWhite" isfolder="False" isshownode="True"/>
    <page name="Page" ID="719F1BA0-F94E-427F-927B-12F7C11D1889" expanded="False" code="KJA6lrVfbK" thumbCode="kjHbcKggUv" isLastOpen="True" status="psWhite" isfolder="False" isshownode="True"/>
    <page name="Page" ID="21499D9C-6150-4E0C-A7D8-1028E5DFAA5D" expanded="False" code="5eNNNbrUSr" thumbCode="YacGXMNRzX" isLastOpen="True" status="psWhite" isfolder="False" isshownode="True"/>
    <page name="Comentarios1" ID="A656E329-B8C4-4380-ADF2-56EBCD1F816F" expanded="False" code="c1sruwjAil" thumbCode="" isLastOpen="True" status="psWhite" isfolder="False" isshownode="True">
      <images>
        <image key="85C8C8644BFE51FF91D2CFFB5574D9CB.png"/>
        <image key="C487087161B7AFAC4353A4C6F54A65A1.svg"/>
        <image key="62354FD9F505E0F380C5BF351347DF6B.jpg"/>
        <image key="7368E932054EB35095B123FCB5C28A31.svg"/>
      </images>
    </page>
    <page name="Editar Alojamiento1" ID="94EA9E31-0B3D-4F3A-BB4D-0389A0E4503F" expanded="False" code="87GyyvHKk2" thumbCode="uIVsVrqhEK" isLastOpen="True" status="psWhite" isfolder="False" isshownode="True">
      <images>
        <image key="69A4D1E5CE13432C6A4F579026917C6A.svg"/>
        <image key="C7D1B4CE058A7FC0691E8FF41CC36AD9.svg"/>
      </images>
    </page>
    <page name="Eliminar alojamiento1" ID="9C836CE8-9CFA-49FE-8810-15A0A30E5BAF" expanded="False" code="lEMY6HSPJi" thumbCode="eptktV6yeK" isLastOpen="True" status="psWhite" isfolder="False" isshownode="True">
      <images>
        <image key="CF3D6C81873FD2E472CF3522D4A5B674.jpg"/>
      </images>
    </page>
    <page name="Calificar" ID="629B63A6-BBAC-4379-B692-0E053D1906B6" expanded="True" code="GdjC8q9ZSU" thumbCode="4BvABh4TTc" isLastOpen="True" status="psWhite" isfolder="False" isshownode="True"/>
  </trash>
  <deletes/>
  <masters>
    <master name="Master" ID="6D7ED2EA-94C4-4623-B7E6-B0F4A2848BBD" code="yfFfNZKrq7" status="psWhite" createDate="2018-08-23 12:47:56">
      <refPages>
        <page ID="FF4BBB6F-3DA3-46CF-953C-524927FDD622" refCount="1"/>
      </refPages>
    </master>
  </masters>
  <images>
    <image key="C487087161B7AFAC4353A4C6F54A65A1.svg"/>
    <image key="777B16BDFEAB12B02962E933BE488079.png"/>
    <image key="22A1F7B7E7140DF163EEA0976AF32963.svg"/>
    <image key="8E021F319EFB0FAB66CEDD121D1F544F.jpg"/>
    <image key="62354FD9F505E0F380C5BF351347DF6B.jpg"/>
    <image key="88012E1A2C8241F428ABAC8AA8AFBDED.png"/>
    <image key="6A29AA76A42F30B8F7C9D7981383A05B.png"/>
    <image key="84E43FD667F4EA128EEFBAD7B03B51F5.svg"/>
    <image key="A79354507E3ED01EBF735C2188CE6BC5.jpg"/>
    <image key="03D6E278079840FF9637232B5FCD6ED2.png"/>
    <image key="1414D2E24C310E0B7AADAD41D1B89105.png"/>
    <image key="6C8BC6B2B9FA7B8BF47604B61E110114.svg"/>
    <image key="EE04925DDE4EB9BF58D807978ECA60CB.svg"/>
    <image key="42CF9E031360EBC09387427849BF6328.svg"/>
    <image key="CF3D6C81873FD2E472CF3522D4A5B674.jpg"/>
    <image key="713242C3B48D0C6CF18E50C16DA717DE.png"/>
    <image key="5B3721D1DAE91E54664201D5136D8F7B.jpg"/>
    <image key="97D4F3C662D19EC563BD0682AD2EBBFC.png"/>
    <image key="E2DEBAC4A61E3CBAD356DF4B61369BEA.png"/>
    <image key="43BAF16D6FC23098DB0ADEC98A497426.png"/>
    <image key="85C8C8644BFE51FF91D2CFFB5574D9CB.png"/>
    <image key="84C108F2F94618B81EB457895C342A32.png"/>
    <image key="8629D629065717A794E65BC5FABB910C.png"/>
    <image key="951503B0C4368CFA0E903D5CEA6A015B.png"/>
    <image key="DF5BEB1F472CB8A14FE07B5BE260D462.png"/>
    <image key="C88885CBAE6550C7389BC3AA5EE2B5DE.svg"/>
    <image key="FD5CF7838E7C00CBBC5B6A0AD4A370CC.jpg"/>
    <image key="610A59C050B82CD11B7BF12B29E90109.png"/>
    <image key="B8225B5A26D3B51DA6C5D7C489719B3B.svg"/>
    <image key="C7D1B4CE058A7FC0691E8FF41CC36AD9.svg"/>
    <image key="69A4D1E5CE13432C6A4F579026917C6A.svg"/>
    <image key="5BBAB6C8D534A14AD08FCABF1A1A7A3F.png"/>
    <image key="9A6AEB3174A5BB0315ED32604B13CCA5.png"/>
    <image key="2784B999C40CAFF09E2D9FF5F4DBA473.svg"/>
    <image key="E3B2C1C8BDAF8C08E7BA3797633AD204.jpg"/>
    <image key="D17252E6884679DD4C7029591E79611D.png"/>
    <image key="F5B0FFCDE2455616FF86122E2451CBB6.svg"/>
    <image key="20F746994071EF3A15E1C6ECB9BA9C35.png"/>
    <image key="A037226386BDB5B242411B8F0B643A28.png"/>
    <image key="E32AD7E45252099E5EDCAACC88A163C3.png"/>
    <image key="7368E932054EB35095B123FCB5C28A31.svg"/>
    <image key="F8B7AE3554E89970A191B251BACE6CD0.svg"/>
  </images>
</project>