﻿<LinkSources version="1.02">
  <page ID="FF4BBB6F-3DA3-46CF-953C-524927FDD622">
    <linkSource sourcePageID="BAEA970F-6CCE-44DA-8B10-77A9001D2B80" comID="3BD9D0C4-0FF5-4D62-AB71-3A0F0D590301" comLinkType="cltPageLink"/>
    <linkSource sourcePageID="24755839-CA37-412E-AB99-3F04D2D570A1" comID="B429BDDB-8524-4670-9022-DB85D42BB0F9" comLinkType="cltPageLink"/>
    <linkSource sourcePageID="4A25728C-23A3-45CE-B19F-11BE66CA3488" comID="CDDB0D1D-4722-45F0-A004-325D76783913" comLinkType="cltPageLink"/>
  </page>
  <page ID="2CEF0520-4CB6-4CED-B5EF-28C1569FB34F">
    <linkSource sourcePageID="FF4BBB6F-3DA3-46CF-953C-524927FDD622" comID="907AA112-D37E-4F70-9879-77B2CAFDE7BA" comLinkType="cltPageLink"/>
  </page>
  <page ID="2AE00A74-472E-4368-B3CF-336C46FAA9A3">
    <linkSource sourcePageID="BAEA970F-6CCE-44DA-8B10-77A9001D2B80" comID="39A66133-8FF1-4B62-BDF8-1E112DAD3B09" comLinkType="cltPageLink"/>
    <linkSource sourcePageID="4A25728C-23A3-45CE-B19F-11BE66CA3488" comID="17EDF426-BC2E-4D10-8626-49F2274F859B" comLinkType="cltPageLink"/>
    <linkSource sourcePageID="24755839-CA37-412E-AB99-3F04D2D570A1" comID="D10D7898-EFE5-4589-99D6-80FF9AFA4F35" comLinkType="cltPageLink"/>
  </page>
  <page ID="BAEA970F-6CCE-44DA-8B10-77A9001D2B80">
    <linkSource sourcePageID="7B1338DC-7836-497E-8A2C-0A82ADC2417F" comID="23D125DA-72CE-47B0-A7EE-7EBF8303685F" comLinkType="cltPageLink"/>
  </page>
  <page ID="7B1338DC-7836-497E-8A2C-0A82ADC2417F">
    <linkSource sourcePageID="BAEA970F-6CCE-44DA-8B10-77A9001D2B80" comID="EB1D2E3C-3590-439F-B030-7A1BD57FD0F8" comLinkType="cltPageLink"/>
    <linkSource sourcePageID="BAEA970F-6CCE-44DA-8B10-77A9001D2B80" comID="F9C01286-002B-4714-AB35-51449DC8DA11" comLinkType="cltPageLink"/>
    <linkSource sourcePageID="12A7678B-F061-494E-948E-D0AD08EC0D16" comID="4C98F458-2056-495A-ACB5-F8867699E6E7" comLinkType="cltPageLink"/>
  </page>
  <page ID="EA5C7403-7F9A-4FB9-9825-221341F7FACF">
    <linkSource sourcePageID="BAEA970F-6CCE-44DA-8B10-77A9001D2B80" comID="FBB413BA-F1AD-4197-95AA-D706C888A6BA" comLinkType="cltPageLink"/>
  </page>
  <page ID="4A25728C-23A3-45CE-B19F-11BE66CA3488">
    <linkSource sourcePageID="2CEF0520-4CB6-4CED-B5EF-28C1569FB34F" comID="D332D438-B3F9-4A7F-9207-E477D70A8892" comLinkType="cltPageLink"/>
    <linkSource sourcePageID="12A7678B-F061-494E-948E-D0AD08EC0D16" comID="4E690DD2-AA81-448B-A275-5EFCFD1252AD" comLinkType="cltPageLink"/>
    <linkSource sourcePageID="12A7678B-F061-494E-948E-D0AD08EC0D16" comID="4C98F458-2056-495A-ACB5-F8867699E6E7" comLinkType="cltPageLink"/>
    <linkSource sourcePageID="2AE00A74-472E-4368-B3CF-336C46FAA9A3" comID="D332D438-B3F9-4A7F-9207-E477D70A8892" comLinkType="cltPageLink"/>
    <linkSource sourcePageID="FF4BBB6F-3DA3-46CF-953C-524927FDD622" comID="C78C8564-DC4C-4EEA-95B9-9ACDC8E2944C" comLinkType="cltPageLink"/>
    <linkSource sourcePageID="2FAEB5B3-E2C1-41F3-A190-82733C4E24BB" comID="1B55AB79-FDEF-4A40-89BC-1DF21CA48BEF" comLinkType="cltPageLink"/>
  </page>
  <page ID="CF26A424-4213-4ABB-AAA1-6C8234FC2E67">
    <linkSource sourcePageID="4A25728C-23A3-45CE-B19F-11BE66CA3488" comID="5F001578-E98B-4032-83AF-EB711BE1E3BF" comLinkType="cltPageLink"/>
    <linkSource sourcePageID="12A7678B-F061-494E-948E-D0AD08EC0D16" comID="4C98F458-2056-495A-ACB5-F8867699E6E7" comLinkType="cltPageLink"/>
  </page>
  <page ID="51BB6B74-A3EC-4FA3-9BEB-3E0DE39AE3B7">
    <linkSource sourcePageID="CF26A424-4213-4ABB-AAA1-6C8234FC2E67" comID="5D3AFCC0-64A6-4A3F-87F8-79B020619E6F" comLinkType="cltPageLink"/>
  </page>
  <page ID="24755839-CA37-412E-AB99-3F04D2D570A1">
    <linkSource sourcePageID="B0F56E1A-4FEA-41EC-A853-0884D4623B95" comID="882AE6BA-5FDE-4D36-B599-D6657263936A" comLinkType="cltPageLink"/>
  </page>
  <page ID="D81B46C2-E051-40D7-A4E6-4E378AFCF37F">
    <linkSource sourcePageID="2CEF0520-4CB6-4CED-B5EF-28C1569FB34F" comID="D332D438-B3F9-4A7F-9207-E477D70A8892" comLinkType="cltPageLink"/>
    <linkSource sourcePageID="4A25728C-23A3-45CE-B19F-11BE66CA3488" comID="DF36D47E-BA9F-4F43-B7C8-CD86843F6F3C" comLinkType="cltPageLink"/>
    <linkSource sourcePageID="4A25728C-23A3-45CE-B19F-11BE66CA3488" comID="02952E66-FE1E-48FF-B9DC-CA8778742803" comLinkType="cltPageLink"/>
    <linkSource sourcePageID="4A25728C-23A3-45CE-B19F-11BE66CA3488" comID="CDDB0D1D-4722-45F0-A004-325D76783913" comLinkType="cltPageLink"/>
    <linkSource sourcePageID="4A25728C-23A3-45CE-B19F-11BE66CA3488" comID="37965001-B772-4E8F-AE57-236899418768" comLinkType="cltPageLink"/>
    <linkSource sourcePageID="24755839-CA37-412E-AB99-3F04D2D570A1" comID="F3996C39-85D7-4A29-8510-1350A19A3C25" comLinkType="cltPageLink"/>
    <linkSource sourcePageID="24755839-CA37-412E-AB99-3F04D2D570A1" comID="2380180C-787F-4A13-9F34-3770FEFDAB6D" comLinkType="cltPageLink"/>
    <linkSource sourcePageID="24755839-CA37-412E-AB99-3F04D2D570A1" comID="B429BDDB-8524-4670-9022-DB85D42BB0F9" comLinkType="cltPageLink"/>
    <linkSource sourcePageID="BAEA970F-6CCE-44DA-8B10-77A9001D2B80" comID="3BD9D0C4-0FF5-4D62-AB71-3A0F0D590301" comLinkType="cltPageLink"/>
    <linkSource sourcePageID="24755839-CA37-412E-AB99-3F04D2D570A1" comID="39481D21-EB89-4DC9-BE8F-82D71D52C7C4" comLinkType="cltPageLink"/>
  </page>
  <page ID="B0F56E1A-4FEA-41EC-A853-0884D4623B95">
    <linkSource sourcePageID="A476761A-BA8F-4257-9CE2-2048037BC6BC" comID="A0B700DF-25CF-4C84-86F6-3EA0E3450A37" comLinkType="cltPageLink"/>
    <linkSource sourcePageID="D81B46C2-E051-40D7-A4E6-4E378AFCF37F" comID="1F8BF6AA-AED6-4F53-9F41-42B07AA2FC6E" comLinkType="cltPageLink"/>
    <linkSource sourcePageID="948BE358-BDC4-4C58-AF4C-0A79A710DFDC" comID="406CA9DA-F600-46DD-ADCC-240B74CDB58A" comLinkType="cltPageLink"/>
    <linkSource sourcePageID="A240AD2B-9B09-4AB6-9B4C-D3C95B9375FD" comID="64F2141F-3D69-4FF3-83F9-6933B8FE9625" comLinkType="cltPageLink"/>
  </page>
  <page ID="80610FB0-33C8-4991-BE8A-152F02286552">
    <linkSource sourcePageID="B0F56E1A-4FEA-41EC-A853-0884D4623B95" comID="B195A2D2-874E-4A08-BB05-E9FFEB1657FF" comLinkType="cltPageLink"/>
  </page>
  <page ID="1913AC16-7E71-4FFA-BD47-0D3F15AF0C15">
    <linkSource sourcePageID="B0F56E1A-4FEA-41EC-A853-0884D4623B95" comID="B195A2D2-874E-4A08-BB05-E9FFEB1657FF" comLinkType="cltPageLink"/>
  </page>
  <page ID="1529A99A-F52B-4731-8729-213B68297768">
    <linkSource sourcePageID="B0F56E1A-4FEA-41EC-A853-0884D4623B95" comID="B195A2D2-874E-4A08-BB05-E9FFEB1657FF" comLinkType="cltPageLink"/>
  </page>
  <page ID="A240AD2B-9B09-4AB6-9B4C-D3C95B9375FD">
    <linkSource sourcePageID="B0F56E1A-4FEA-41EC-A853-0884D4623B95" comID="B195A2D2-874E-4A08-BB05-E9FFEB1657FF" comLinkType="cltPageLink"/>
  </page>
  <page ID="948BE358-BDC4-4C58-AF4C-0A79A710DFDC">
    <linkSource sourcePageID="B0F56E1A-4FEA-41EC-A853-0884D4623B95" comID="B195A2D2-874E-4A08-BB05-E9FFEB1657FF" comLinkType="cltPageLink"/>
  </page>
  <page ID="78CC37F3-480C-42CD-A995-6D511235713E">
    <linkSource sourcePageID="24755839-CA37-412E-AB99-3F04D2D570A1" comID="6C85EDFD-2E22-451F-9A37-7D0F7CB0F69C" comLinkType="cltPageLink"/>
    <linkSource sourcePageID="78CC37F3-480C-42CD-A995-6D511235713E" comID="4EE8B5F6-3F58-4ECB-A51D-756F31A9CE43" comLinkType="cltPageLink"/>
    <linkSource sourcePageID="78CC37F3-480C-42CD-A995-6D511235713E" comID="FC682FFB-3B60-4EC4-ABD9-9E80A41A3E09" comLinkType="cltPageLink"/>
    <linkSource sourcePageID="EA5C7403-7F9A-4FB9-9825-221341F7FACF" comID="12BE4069-045E-4A26-ADC1-0095518F74E4" comLinkType="cltPageLink"/>
    <linkSource sourcePageID="EA5C7403-7F9A-4FB9-9825-221341F7FACF" comID="89762A30-D3CE-47D7-9BAF-39FB6841B2D7" comLinkType="cltPageLink"/>
  </page>
  <page ID="A476761A-BA8F-4257-9CE2-2048037BC6BC">
    <linkSource sourcePageID="A476761A-BA8F-4257-9CE2-2048037BC6BC" comID="4EE8B5F6-3F58-4ECB-A51D-756F31A9CE43" comLinkType="cltPageLink"/>
    <linkSource sourcePageID="A476761A-BA8F-4257-9CE2-2048037BC6BC" comID="FC682FFB-3B60-4EC4-ABD9-9E80A41A3E09" comLinkType="cltPageLink"/>
    <linkSource sourcePageID="24755839-CA37-412E-AB99-3F04D2D570A1" comID="2380180C-787F-4A13-9F34-3770FEFDAB6D" comLinkType="cltPageLink"/>
  </page>
  <page ID="C2BC9B56-4D77-488D-9F1A-FE42C84723E3">
    <linkSource sourcePageID="382B8321-8E5C-4F77-A6F2-C5DD186CA38F" comID="3A151295-AD28-4A7F-9513-77494D185D7E" comLinkType="cltPageLink"/>
  </page>
  <page ID="12A7678B-F061-494E-948E-D0AD08EC0D16">
    <linkSource sourcePageID="4A25728C-23A3-45CE-B19F-11BE66CA3488" comID="DF36D47E-BA9F-4F43-B7C8-CD86843F6F3C" comLinkType="cltPageLink"/>
    <linkSource sourcePageID="4A25728C-23A3-45CE-B19F-11BE66CA3488" comID="37965001-B772-4E8F-AE57-236899418768" comLinkType="cltPageLink"/>
    <linkSource sourcePageID="4A25728C-23A3-45CE-B19F-11BE66CA3488" comID="B4E2F826-0EC8-4D5F-AD56-ADF16DF5FCEC" comLinkType="cltPageLink"/>
  </page>
  <page ID="382B8321-8E5C-4F77-A6F2-C5DD186CA38F">
    <linkSource sourcePageID="12A7678B-F061-494E-948E-D0AD08EC0D16" comID="B11904B3-416B-4797-8C92-202CDFDBFCA9" comLinkType="cltPageLink"/>
  </page>
  <page ID="76352F63-FBEE-4F9A-951A-464A0E6F8AF6">
    <linkSource sourcePageID="382B8321-8E5C-4F77-A6F2-C5DD186CA38F" comID="F7276DCF-DD55-4EC3-A60C-01B18C7F1662" comLinkType="cltPageLink"/>
    <linkSource sourcePageID="B0F56E1A-4FEA-41EC-A853-0884D4623B95" comID="B195A2D2-874E-4A08-BB05-E9FFEB1657FF" comLinkType="cltPageLink"/>
    <linkSource sourcePageID="51BB6B74-A3EC-4FA3-9BEB-3E0DE39AE3B7" comID="BB4BF18D-70E7-461C-A6AB-4E6AFA64CDDB" comLinkType="cltPageLink"/>
  </page>
  <page ID="66672331-375D-4E4D-812A-83329A789286">
    <linkSource sourcePageID="382B8321-8E5C-4F77-A6F2-C5DD186CA38F" comID="F7276DCF-DD55-4EC3-A60C-01B18C7F1662" comLinkType="cltPageLink"/>
    <linkSource sourcePageID="B0F56E1A-4FEA-41EC-A853-0884D4623B95" comID="B195A2D2-874E-4A08-BB05-E9FFEB1657FF" comLinkType="cltPageLink"/>
    <linkSource sourcePageID="51BB6B74-A3EC-4FA3-9BEB-3E0DE39AE3B7" comID="BB4BF18D-70E7-461C-A6AB-4E6AFA64CDDB" comLinkType="cltPageLink"/>
  </page>
  <page ID="4A499435-2FCA-4ABE-AD8B-BBA1EB7A4F07">
    <linkSource sourcePageID="382B8321-8E5C-4F77-A6F2-C5DD186CA38F" comID="F7276DCF-DD55-4EC3-A60C-01B18C7F1662" comLinkType="cltPageLink"/>
    <linkSource sourcePageID="B0F56E1A-4FEA-41EC-A853-0884D4623B95" comID="B195A2D2-874E-4A08-BB05-E9FFEB1657FF" comLinkType="cltPageLink"/>
    <linkSource sourcePageID="51BB6B74-A3EC-4FA3-9BEB-3E0DE39AE3B7" comID="BB4BF18D-70E7-461C-A6AB-4E6AFA64CDDB" comLinkType="cltPageLink"/>
  </page>
  <page ID="D2850252-546D-4F0F-9E67-613351438C4B">
    <linkSource sourcePageID="382B8321-8E5C-4F77-A6F2-C5DD186CA38F" comID="F7276DCF-DD55-4EC3-A60C-01B18C7F1662" comLinkType="cltPageLink"/>
    <linkSource sourcePageID="B0F56E1A-4FEA-41EC-A853-0884D4623B95" comID="B195A2D2-874E-4A08-BB05-E9FFEB1657FF" comLinkType="cltPageLink"/>
    <linkSource sourcePageID="51BB6B74-A3EC-4FA3-9BEB-3E0DE39AE3B7" comID="BB4BF18D-70E7-461C-A6AB-4E6AFA64CDDB" comLinkType="cltPageLink"/>
  </page>
  <page ID="2FAEB5B3-E2C1-41F3-A190-82733C4E24BB">
    <linkSource sourcePageID="382B8321-8E5C-4F77-A6F2-C5DD186CA38F" comID="39E92DA8-D4B2-4393-89D4-EF74A3059EC2" comLinkType="cltPageLink"/>
    <linkSource sourcePageID="2FAEB5B3-E2C1-41F3-A190-82733C4E24BB" comID="FCF7D26D-6211-42AF-AA56-DDCA314D66C8" comLinkType="cltPageLink"/>
    <linkSource sourcePageID="2FAEB5B3-E2C1-41F3-A190-82733C4E24BB" comID="749F2EBA-FE6D-4618-9B7A-1D58A4815745" comLinkType="cltPageLink"/>
  </page>
</LinkSources>