﻿<master version="5.3" minAllowVersion="5.3" ID="6D7ED2EA-94C4-4623-B7E6-B0F4A2848BBD">
  <controls>
    <control controlID="B357A137-B84E-44A3-8CC8-68B9D8609666" controlTypeID="Master" x="62" y="30" w="235" h="80" zOrder="6" masterID="6D7ED2EA-94C4-4623-B7E6-B0F4A2848BBD">
      <groupChildrenDescriptors>
        <control controlID="670403F0-27EA-437A-A620-8A57AEFCDFE6" controlTypeID="Label" x="0" y="0" w="235" h="80" zOrder="0">
          <font family="Segoe+UI" displayName="Segoe+UI" postScript="" weightStyle="Normal" weight="400" isBold="False" isItalic="False"/>
          <text>JBooking</text>
          <textColor>4294967295</textColor>
          <textSize>60</textSize>
          <lineSpacing>0</lineSpacing>
          <useDefaultTextSize>False</useDefaultTextSize>
          <selectedIndex>-1</selectedIndex>
        </control>
      </groupChildrenDescriptors>
    </control>
  </controls>
</master>