﻿<mockup version="5.3" minAllowVersion="5.3" ID="12A7678B-F061-494E-948E-D0AD08EC0D16" platform="MtMobile" defaultW="375" defaultH="667" measureW="375" measureH="667" screenOrientation="MoPortrait" mobileScreenScale="1.77777779102325" clipArea="(0,0,0,0)">
  <controls controlCount="21">
    <control controlID="E8C6D1DA-8506-4807-A536-74F05D8A6021" controlTypeID="Map" x="0" y="53" w="375" h="423" zOrder="0"/>
    <control controlID="78BB7697-9C54-40F0-8873-983C30031778" controlTypeID="Icon" x="312" y="423" w="43" h="43" zOrder="1">
      <icon>
        <ID/>
        <iconFontName>jdIonicons</iconFontName>
        <iconCode>62185</iconCode>
      </icon>
      <URL>2784B999C40CAFF09E2D9FF5F4DBA473.svg</URL>
    </control>
    <control controlID="B11904B3-416B-4797-8C92-202CDFDBFCA9" controlTypeID="TableView" x="33" y="476" w="342" h="191" zOrder="2">
      <links eventType="AtClick" animate="AmNone" animateAutoDelay="0" animateDuration="500">
        <link targetPageID="382B8321-8E5C-4F77-A6F2-C5DD186CA38F" linkType="ltPageLink" isApplyIncludePage="False" title="Casa1+-%3E">
          <area shape="0" alt="" ID="{0C06C688-2295-4B4E-B271-1BAC00DD0CBA}" coords="(1,1,341,37)"/>
        </link>
        <link targetPageID="382B8321-8E5C-4F77-A6F2-C5DD186CA38F" linkType="ltPageLink" isApplyIncludePage="False" title="Apto1+-%3E">
          <area shape="0" alt="" ID="{4E6F9ADC-ADBF-4570-9701-04C18D273783}" coords="(1,37,341,73)"/>
        </link>
        <link targetPageID="382B8321-8E5C-4F77-A6F2-C5DD186CA38F" linkType="ltPageLink" isApplyIncludePage="False" title="Cueva1+-%3E">
          <area shape="0" alt="" ID="{9BF53B94-A305-4C12-A0CB-240DC1FD1061}" coords="(1,73,341,109)"/>
        </link>
        <link targetPageID="382B8321-8E5C-4F77-A6F2-C5DD186CA38F" linkType="ltPageLink" isApplyIncludePage="False" title="Casa2+-%3E">
          <area shape="0" alt="" ID="{5398BDB7-04B8-40C4-885D-D2A6303CEB59}" coords="(1,109,341,145)"/>
        </link>
        <link targetPageID="382B8321-8E5C-4F77-A6F2-C5DD186CA38F" linkType="ltPageLink" isApplyIncludePage="False" title="Casa3+-%3E">
          <area shape="0" alt="" ID="{C9E73E1D-2EA7-47F6-ABFD-CC1D862CD3D7}" coords="(1,145,341,181)"/>
        </link>
      </links>
      <font family="Segoe+UI" displayName="Segoe+UI" postScript="" weightStyle="Normal" weight="400" isBold="False" isItalic="False"/>
      <text>Casa1+-%3E%0D%0AApto1+-%3E%0D%0ACueva1+-%3E%0D%0ACasa2+-%3E%0D%0ACasa3+-%3E%0D%0A</text>
      <textSize>20</textSize>
      <lineSpacing>0</lineSpacing>
      <useDefaultTextSize>False</useDefaultTextSize>
    </control>
    <control controlID="FA73632B-85D7-4A59-AD8C-70EBB6692D45" controlTypeID="TextArea" x="54" y="4" w="315" h="49" zOrder="3">
      <font family="Segoe+UI" displayName="Segoe+UI_%26_Bold" postScript="" weightStyle="Bold" weight="700" isBold="True" isItalic="False"/>
      <text>Bogot%C3%A1%2C+Cundinamarca</text>
      <textColor>4294967295</textColor>
      <textSize>28</textSize>
      <textStyles>[fsBold]</textStyles>
      <useDefaultTextSize>False</useDefaultTextSize>
      <selectedIndex>-1</selectedIndex>
    </control>
    <control controlID="D75812C6-2B92-43FE-AC15-A841AFCA9C8D" controlTypeID="Icon" x="0" y="477" w="33" h="33" zOrder="4">
      <icon>
        <ID/>
        <iconFontName>jdIonicons</iconFontName>
        <iconCode>62180</iconCode>
      </icon>
      <URL>B8225B5A26D3B51DA6C5D7C489719B3B.svg</URL>
    </control>
    <control controlID="EF81DD38-5241-4828-ACBF-C69D6990581A" controlTypeID="Icon" x="0" y="513" w="33" h="33" zOrder="5">
      <icon>
        <ID/>
        <iconFontName>jdIonicons</iconFontName>
        <iconCode>62180</iconCode>
      </icon>
      <URL>B8225B5A26D3B51DA6C5D7C489719B3B.svg</URL>
    </control>
    <control controlID="A14AD340-8AD0-4504-8754-89BBDDCDBDFD" controlTypeID="Icon" x="0" y="549" w="33" h="33" zOrder="6">
      <icon>
        <ID/>
        <iconFontName>jdIonicons</iconFontName>
        <iconCode>62180</iconCode>
      </icon>
      <URL>B8225B5A26D3B51DA6C5D7C489719B3B.svg</URL>
    </control>
    <control controlID="1F417581-D981-43B5-B4F5-DB4C22352D13" controlTypeID="Icon" x="0" y="586" w="33" h="33" zOrder="7">
      <icon>
        <ID/>
        <iconFontName>jdIonicons</iconFontName>
        <iconCode>62180</iconCode>
      </icon>
      <URL>B8225B5A26D3B51DA6C5D7C489719B3B.svg</URL>
    </control>
    <control controlID="2EAB610E-0662-45F2-94B9-48F832BA6FD5" controlTypeID="Icon" x="0" y="623" w="33" h="33" zOrder="8">
      <icon>
        <ID/>
        <iconFontName>jdIonicons</iconFontName>
        <iconCode>62180</iconCode>
      </icon>
      <URL>B8225B5A26D3B51DA6C5D7C489719B3B.svg</URL>
    </control>
    <control controlID="7366FEA9-1627-479A-9601-D73D3608FA6E" controlTypeID="Icon" x="82" y="280" w="24" h="24" zOrder="9">
      <icon>
        <ID/>
        <iconFontName>jdIonicons</iconFontName>
        <iconCode>62550</iconCode>
      </icon>
      <URL>6C8BC6B2B9FA7B8BF47604B61E110114.svg</URL>
    </control>
    <control controlID="7467D292-D787-4263-9AA3-99729EC98B32" controlTypeID="Icon" x="274" y="405" w="24" h="24" zOrder="10">
      <icon>
        <ID/>
        <iconFontName>jdIonicons</iconFontName>
        <iconCode>62550</iconCode>
      </icon>
      <URL>6C8BC6B2B9FA7B8BF47604B61E110114.svg</URL>
    </control>
    <control controlID="EA5CBB7B-C32F-45F9-832F-8CF389C60433" controlTypeID="Icon" x="64" y="422" w="24" h="24" zOrder="11">
      <icon>
        <ID/>
        <iconFontName>jdIonicons</iconFontName>
        <iconCode>62550</iconCode>
      </icon>
      <URL>6C8BC6B2B9FA7B8BF47604B61E110114.svg</URL>
    </control>
    <control controlID="655D547C-E4BB-446C-BC70-D4F3B22C87AD" controlTypeID="Icon" x="295" y="286" w="24" h="24" zOrder="12">
      <icon>
        <ID/>
        <iconFontName>jdIonicons</iconFontName>
        <iconCode>62550</iconCode>
      </icon>
      <URL>6C8BC6B2B9FA7B8BF47604B61E110114.svg</URL>
    </control>
    <control controlID="B68F7B52-DE3A-487D-95E9-8BAC19AAB561" controlTypeID="Icon" x="4" y="8" w="40" h="40" zOrder="13">
      <interactiveData>
        <entry title="">
          <area shape="0" alt="" ID="{FAEF7A64-A8B6-4A97-AE75-1C5784D4578D}" coords="(0,0,40,40)"/>
          <events title="">
            <event eventType="atClick" isChecked="True">
              <behaviour title="" isChecked="True" isWait="False" isLoop="False" execMode="emParallel">
                <target targetID="F9D1BB0A-A0C0-4C97-8431-6075817BC0A4" isChecked="True" isAutoRecovery="False" isLoop="False" execMode="emSequence">
                  <command name="Popup State Change" isChecked="True" descrition="">
                    <param name="AniInterpolation" value="0" varType="3" description=""/>
                    <param name="AniDuration" value="200" varType="3" description=""/>
                    <param name="AniAutoReverse" value="False" varType="11" description=""/>
                    <param name="AniLoop" value="False" varType="11" description=""/>
                    <param name="AniInterpolationTypeOut" value="False" varType="11" description=""/>
                    <param name="Delay" value="0" varType="3" description=""/>
                    <param name="Value" value="2" varType="3" description=""/>
                    <param name="AniType" value="0" varType="3" description=""/>
                  </command>
                </target>
              </behaviour>
            </event>
          </events>
        </entry>
      </interactiveData>
      <icon>
        <ID/>
        <iconFontName>jdIonicons</iconFontName>
        <iconCode>61744</iconCode>
      </icon>
      <URL>EE04925DDE4EB9BF58D807978ECA60CB.svg</URL>
    </control>
    <control controlID="2504E31C-4114-410E-8E36-9AC7E1D14320" controlTypeID="Icon" x="-119" y="181" w="40" h="40" zOrder="14">
      <interactiveData>
        <entry title="">
          <area shape="0" alt="" ID="{FAEF7A64-A8B6-4A97-AE75-1C5784D4578D}" coords="(0,0,40,40)"/>
          <events title="">
            <event eventType="atClick" isChecked="True">
              <behaviour title="" isChecked="True" isWait="False" isLoop="False" execMode="emParallel">
                <target targetID="F9D1BB0A-A0C0-4C97-8431-6075817BC0A4" isChecked="True" isAutoRecovery="False" isLoop="False" execMode="emSequence">
                  <command name="Popup State Change" isChecked="True" descrition="">
                    <param name="AniInterpolation" value="0" varType="3" description=""/>
                    <param name="AniDuration" value="200" varType="3" description=""/>
                    <param name="AniAutoReverse" value="False" varType="11" description=""/>
                    <param name="AniLoop" value="False" varType="11" description=""/>
                    <param name="AniInterpolationTypeOut" value="False" varType="11" description=""/>
                    <param name="Delay" value="0" varType="3" description=""/>
                    <param name="Value" value="2" varType="3" description=""/>
                    <param name="AniType" value="0" varType="3" description=""/>
                  </command>
                </target>
              </behaviour>
            </event>
          </events>
        </entry>
      </interactiveData>
      <icon>
        <ID/>
        <iconFontName>jdIonicons</iconFontName>
        <iconCode>61744</iconCode>
      </icon>
      <URL>EE04925DDE4EB9BF58D807978ECA60CB.svg</URL>
    </control>
    <control controlID="F9D1BB0A-A0C0-4C97-8431-6075817BC0A4" controlTypeID="SlidingDrawer" x="-198" y="98" w="46" h="46" zOrder="15">
      <groupChildrenDescriptors>
        <control controlID="016BBFDD-BF65-4CCF-87AE-A3CCFAA84841" controlTypeID="Panel" x="0" y="0" w="375" h="667" zOrder="0">
          <locked>True</locked>
          <color>1879048192</color>
          <borderVisible>False</borderVisible>
          <canMove>False</canMove>
          <alias>background</alias>
          <groupChildrenDescriptors>
            <control controlID="CDF4F734-C459-485A-A106-D57F37DF4D18" controlTypeID="Border" x="0" y="0" w="375" h="667" zOrder="0">
              <borderVisible>False</borderVisible>
              <alias>borderLayer</alias>
            </control>
          </groupChildrenDescriptors>
          <thinkness>1</thinkness>
        </control>
        <control controlID="4E690DD2-AA81-448B-A275-5EFCFD1252AD" controlTypeID="Panel" x="0" y="0" w="300" h="667" zOrder="1">
          <alias>content</alias>
          <links eventType="AtClick" animate="AmNone" animateAutoDelay="0" animateDuration="500">
            <link targetPageID="4A25728C-23A3-45CE-B19F-11BE66CA3488" linkType="ltPageLink" isApplyIncludePage="False" title="IHuesped">
              <area shape="0" alt="" ID="{176760BE-F84A-498B-BA55-EE7AE9B3C9FE}" coords="(0,0,300,667)"/>
            </link>
          </links>
          <groupChildrenDescriptors>
            <control controlID="4C98F458-2056-495A-ACB5-F8867699E6E7" controlTypeID="TableView" x="0" y="0" w="300" h="667" zOrder="0">
              <links eventType="AtClick" animate="AmNone" animateAutoDelay="0" animateDuration="500">
                <link targetPageID="4A25728C-23A3-45CE-B19F-11BE66CA3488" linkType="ltPageLink" isApplyIncludePage="False" title="HOME+-%3E">
                  <area shape="0" alt="" ID="{F6859956-E389-4979-8399-ADB5696DF45E}" coords="(1,1,299,37)"/>
                </link>
                <link targetPageID="CF26A424-4213-4ABB-AAA1-6C8234FC2E67" linkType="ltPageLink" isApplyIncludePage="False" title="MIS+RESERVAS+-p">
                  <area shape="0" alt="" ID="{548BE9D2-77BD-47B5-993D-4EF4FF4CA11E}" coords="(1,37,299,73)"/>
                </link>
                <link targetPageID="" linkType="ltPageLink" isApplyIncludePage="False" title="AGREGAR+LUGAR+-%2B">
                  <area shape="0" alt="" ID="{FFCA2763-CC84-4394-AB1D-8D36FE93A2F9}" coords="(1,73,299,109)"/>
                </link>
                <link targetPageID="7B1338DC-7836-497E-8A2C-0A82ADC2417F" linkType="ltPageLink" isApplyIncludePage="False" title="Lugares++">
                  <area shape="0" alt="" ID="{56F1381B-C40A-4F82-B520-F9F470F1FD5D}" coords="(1,109,299,145)"/>
                </link>
                <link targetPageID="" linkType="ltPageLink" isApplyIncludePage="False" title="">
                  <area shape="0" alt="" ID="{2BB29733-2B77-4034-BC44-3999727610D5}" coords="(1,145,299,181)"/>
                </link>
              </links>
              <font family="Segoe+UI" displayName="Segoe+UI" postScript="" weightStyle="Normal" weight="400" isBold="False" isItalic="False"/>
              <text>HOME+-%3E%0D%0AMIS+RESERVAS+-p%0D%0AAGREGAR+LUGAR+-%2B%0D%0ALugares++%0D%0A%0D%0A</text>
              <textSize>14</textSize>
              <lineSpacing>0</lineSpacing>
            </control>
            <control controlID="33EA1C96-5EE7-4196-9206-D70F973E0F9E" controlTypeID="Border" x="0" y="0" w="300" h="667" zOrder="1">
              <alias>borderLayer</alias>
            </control>
          </groupChildrenDescriptors>
          <thinkness>1</thinkness>
        </control>
      </groupChildrenDescriptors>
    </control>
  </controls>
  <param>
    <backgroundColor>4294914918</backgroundColor>
    <fontSize>14</fontSize>
    <fontFamily>Segoe+UI</fontFamily>
    <guideLines/>
  </param>
</mockup>