﻿<mockup version="5.3" minAllowVersion="5.3" ID="4A499435-2FCA-4ABE-AD8B-BBA1EB7A4F07" platform="MtMobile" defaultW="375" defaultH="667" measureW="375" measureH="667" screenOrientation="MoPortrait" mobileScreenScale="1.77777779102325" clipArea="(0,0,0,0)">
  <controls controlCount="4">
    <control controlID="C1484D66-E814-45CC-8F91-CB796754A292" controlTypeID="Label" x="0" y="54" w="332" h="43" zOrder="0">
      <font family="Segoe+UI" displayName="Segoe+UI" postScript="" weightStyle="Normal" weight="400" isBold="False" isItalic="False"/>
      <text>The+Round+Villa+(Bogor)</text>
      <textColor>4294967295</textColor>
      <textSize>32</textSize>
      <textAlign>HaCenter</textAlign>
      <lineSpacing>0</lineSpacing>
      <useDefaultTextSize>False</useDefaultTextSize>
      <selectedIndex>-1</selectedIndex>
    </control>
    <control controlID="D31D331B-99F5-46E1-B38B-626F27824EB9" controlTypeID="Label" x="5" y="0" w="271" h="54" zOrder="1">
      <font family="Segoe+UI" displayName="Segoe+UI_%26_Bold" postScript="" weightStyle="Bold" weight="700" isBold="True" isItalic="False"/>
      <text>Disponibilidad</text>
      <textColor>4294967295</textColor>
      <textSize>40</textSize>
      <lineSpacing>0</lineSpacing>
      <textStyles>[fsBold]</textStyles>
      <useDefaultTextSize>False</useDefaultTextSize>
      <selectedIndex>-1</selectedIndex>
    </control>
    <control controlID="43761E5F-C8F3-402D-921B-8D4221C6703C" controlTypeID="Image" x="0" y="378" w="375" h="289" zOrder="2">
      <URL>777B16BDFEAB12B02962E933BE488079.png</URL>
    </control>
    <control controlID="7313C670-7619-4F39-AA28-55F53F01FAED" controlTypeID="Image" x="0" y="95" w="375" h="289" zOrder="3">
      <URL>777B16BDFEAB12B02962E933BE488079.png</URL>
    </control>
  </controls>
  <param>
    <backgroundColor>4294914918</backgroundColor>
    <fontSize>14</fontSize>
    <fontFamily>Segoe+UI</fontFamily>
    <guideLines/>
  </param>
</mockup>