﻿<mockup version="5.3" minAllowVersion="5.3" ID="66672331-375D-4E4D-812A-83329A789286" platform="MtMobile" defaultW="375" defaultH="667" measureW="375" measureH="667" screenOrientation="MoPortrait" mobileScreenScale="1.77777779102325" clipArea="(0,0,0,0)">
  <controls controlCount="86">
    <control controlID="0B168A2F-AE28-4A13-A836-E8EDD4A39BEC" controlTypeID="Image" x="-1" y="-38" w="382" h="349" zOrder="0">
      <opacity>0.300000011920929</opacity>
      <URL>A79354507E3ED01EBF735C2188CE6BC5.jpg</URL>
    </control>
    <control controlID="D717BDD2-402D-4A18-92D9-BE6A650F2D1F" controlTypeID="Label" x="0" y="52" w="332" h="43" zOrder="1">
      <font family="Segoe+UI" displayName="Segoe+UI" postScript="" weightStyle="Normal" weight="400" isBold="False" isItalic="False"/>
      <text>The+Round+Villa+(Bogor)</text>
      <textColor>4294967295</textColor>
      <textSize>32</textSize>
      <textAlign>HaCenter</textAlign>
      <lineSpacing>0</lineSpacing>
      <useDefaultTextSize>False</useDefaultTextSize>
      <selectedIndex>-1</selectedIndex>
    </control>
    <control controlID="5BE92664-515E-4506-9553-7E5D51484DB1" controlTypeID="ScrollView" x="0" y="95" w="377" h="572" zOrder="2">
      <borderVisible>False</borderVisible>
      <groupChildrenDescriptors>
        <control controlID="3C396421-7619-4F08-B637-A9E98527243F" controlTypeID="ScrollViewContentPanel" x="0" y="0" w="377" h="1200" zOrder="0">
          <alias>contentPanel</alias>
          <groupChildrenDescriptors>
            <control controlID="AE13EB86-3BD9-4B3F-8929-A2CA841A500B" controlTypeID="__group__" x="14" y="6" w="336" h="350" zOrder="0">
              <groupChildrenDescriptors>
                <control controlID="F59CD6EC-9791-45B2-A164-461C4E6FC5D3" controlTypeID="Line" x="0" y="28" w="336" h="2" zOrder="0">
                  <font family="Segoe+UI" displayName="Segoe+UI" postScript="" weightStyle="Normal" weight="400" isBold="False" isItalic="False"/>
                  <textSize>14</textSize>
                  <lineSpacing>0</lineSpacing>
                  <selectedIndex>-1</selectedIndex>
                  <controlPoint>(168,1)</controlPoint>
                  <startPoint>(1,1)</startPoint>
                  <endPoint>(336,1)</endPoint>
                  <thickness>2</thickness>
                </control>
                <control controlID="66D80C1B-BE96-4B81-907E-5E7753485932" controlTypeID="Label" x="0" y="0" w="71" h="32" zOrder="1">
                  <font family="Segoe+UI" displayName="Segoe+UI_%26_Bold" postScript="" weightStyle="Bold" weight="700" isBold="True" isItalic="False"/>
                  <text>Basico</text>
                  <textSize>24</textSize>
                  <lineSpacing>0</lineSpacing>
                  <textStyles>[fsBold,fsUnderline]</textStyles>
                  <useDefaultTextSize>False</useDefaultTextSize>
                  <selectedIndex>-1</selectedIndex>
                </control>
                <control controlID="517A7F32-64AA-499D-AB0A-6FF8397FD1E4" controlTypeID="Repeater" x="0" y="30" w="335" h="320" zOrder="2">
                  <color>16777215</color>
                  <groupChildrenDescriptors>
                    <control controlID="A3D8097D-BF4F-4958-917F-03432869BE80" controlTypeID="RepeaterItem" x="0" y="0" w="335" h="48" zOrder="0" repeatID="012B0EBC-73AC-4D8D-A7BB-08C0A8AA9F9B">
                      <canMove>False</canMove>
                      <groupChildrenDescriptors>
                        <control controlID="C7AB8ED1-554A-4B92-AF7E-DB49A79B0BCA" controlTypeID="TextArea" x="0" y="0" w="174" h="22" zOrder="0" repeatID="FEA4EC42-250E-4DC6-A303-85A7C2FD85B7">
                          <font family="Segoe+UI" displayName="Segoe+UI" postScript="" weightStyle="Normal" weight="400" isBold="False" isItalic="False"/>
                          <text>Secadora%0D%0A</text>
                          <textSize>18</textSize>
                          <useDefaultTextSize>False</useDefaultTextSize>
                          <selectedIndex>-1</selectedIndex>
                        </control>
                        <control controlID="7FF582CE-A4AC-4287-A766-8D43E10E32CC" controlTypeID="TextArea" x="1" y="23" w="334" h="24" zOrder="1" repeatID="64E2FC32-AD7B-417E-9650-8358F565EC6E">
                          <font family="Segoe+UI" displayName="Segoe+UI" postScript="" weightStyle="Normal" weight="400" isBold="False" isItalic="False"/>
                          <text>Gratuita+o+de+pago%2C+en+el+mismo+edificio</text>
                          <textColor>4284374622</textColor>
                          <selectedIndex>-1</selectedIndex>
                        </control>
                        <control controlID="1C0AD539-BE38-4D8F-992B-7D74552D1A32" controlTypeID="Line" x="2" y="47" w="315" h="1" zOrder="2" repeatID="2C479A8B-54FF-45D2-8E5C-B9A091C3C67A">
                          <font family="Segoe+UI" displayName="Segoe+UI" postScript="" weightStyle="Normal" weight="400" isBold="False" isItalic="False"/>
                          <textColor>3640655872</textColor>
                          <textSize>14</textSize>
                          <lineSpacing>0</lineSpacing>
                          <selectedIndex>-1</selectedIndex>
                          <controlPoint>(158,0)</controlPoint>
                          <startPoint>(0,0)</startPoint>
                          <endPoint>(315,0)</endPoint>
                        </control>
                      </groupChildrenDescriptors>
                    </control>
                    <control controlID="B2B9AA62-27AC-4B85-801C-873A6A99463C" controlTypeID="RepeaterItem" x="0" y="68" w="335" h="48" zOrder="1" repeatID="012B0EBC-73AC-4D8D-A7BB-08C0A8AA9F9B">
                      <canMove>False</canMove>
                      <groupChildrenDescriptors>
                        <control controlID="DBFE3941-03EB-4651-AD70-3FD363A9038A" controlTypeID="TextArea" x="0" y="0" w="174" h="22" zOrder="0" repeatID="FEA4EC42-250E-4DC6-A303-85A7C2FD85B7">
                          <font family="Segoe+UI" displayName="Segoe+UI" postScript="" weightStyle="Normal" weight="400" isBold="False" isItalic="False"/>
                          <text>Secadora%0D%0A</text>
                          <textSize>18</textSize>
                          <useDefaultTextSize>False</useDefaultTextSize>
                          <selectedIndex>-1</selectedIndex>
                        </control>
                        <control controlID="33319F0E-F81C-414A-96D6-B78662283E15" controlTypeID="TextArea" x="1" y="23" w="334" h="24" zOrder="1" repeatID="64E2FC32-AD7B-417E-9650-8358F565EC6E">
                          <font family="Segoe+UI" displayName="Segoe+UI" postScript="" weightStyle="Normal" weight="400" isBold="False" isItalic="False"/>
                          <text>Gratuita+o+de+pago%2C+en+el+mismo+edificio</text>
                          <textColor>4284374622</textColor>
                          <selectedIndex>-1</selectedIndex>
                        </control>
                        <control controlID="BC0B047F-AF15-431C-A88B-3D8047E144F9" controlTypeID="Line" x="2" y="47" w="315" h="1" zOrder="2" repeatID="2C479A8B-54FF-45D2-8E5C-B9A091C3C67A">
                          <font family="Segoe+UI" displayName="Segoe+UI" postScript="" weightStyle="Normal" weight="400" isBold="False" isItalic="False"/>
                          <textColor>3640655872</textColor>
                          <textSize>14</textSize>
                          <lineSpacing>0</lineSpacing>
                          <selectedIndex>-1</selectedIndex>
                          <controlPoint>(158,0)</controlPoint>
                          <startPoint>(0,0)</startPoint>
                          <endPoint>(315,0)</endPoint>
                        </control>
                      </groupChildrenDescriptors>
                      <row>1</row>
                    </control>
                    <control controlID="E45E467F-6105-47ED-8ABE-88062F31A5B4" controlTypeID="RepeaterItem" x="0" y="136" w="335" h="48" zOrder="2" repeatID="012B0EBC-73AC-4D8D-A7BB-08C0A8AA9F9B">
                      <canMove>False</canMove>
                      <groupChildrenDescriptors>
                        <control controlID="564D1E1C-664A-4410-A8ED-6D67F89A385A" controlTypeID="TextArea" x="0" y="0" w="174" h="22" zOrder="0" repeatID="FEA4EC42-250E-4DC6-A303-85A7C2FD85B7">
                          <font family="Segoe+UI" displayName="Segoe+UI" postScript="" weightStyle="Normal" weight="400" isBold="False" isItalic="False"/>
                          <text>Secadora%0D%0A</text>
                          <textSize>18</textSize>
                          <useDefaultTextSize>False</useDefaultTextSize>
                          <selectedIndex>-1</selectedIndex>
                        </control>
                        <control controlID="011CAA46-C7CF-4553-A9E6-90D0E4CFD5CE" controlTypeID="TextArea" x="1" y="23" w="334" h="24" zOrder="1" repeatID="64E2FC32-AD7B-417E-9650-8358F565EC6E">
                          <font family="Segoe+UI" displayName="Segoe+UI" postScript="" weightStyle="Normal" weight="400" isBold="False" isItalic="False"/>
                          <text>Gratuita+o+de+pago%2C+en+el+mismo+edificio</text>
                          <textColor>4284374622</textColor>
                          <selectedIndex>-1</selectedIndex>
                        </control>
                        <control controlID="D94B4C4E-DB60-4C35-8B80-20CC5F884C54" controlTypeID="Line" x="2" y="47" w="315" h="1" zOrder="2" repeatID="2C479A8B-54FF-45D2-8E5C-B9A091C3C67A">
                          <font family="Segoe+UI" displayName="Segoe+UI" postScript="" weightStyle="Normal" weight="400" isBold="False" isItalic="False"/>
                          <textColor>3640655872</textColor>
                          <textSize>14</textSize>
                          <lineSpacing>0</lineSpacing>
                          <selectedIndex>-1</selectedIndex>
                          <controlPoint>(158,0)</controlPoint>
                          <startPoint>(0,0)</startPoint>
                          <endPoint>(315,0)</endPoint>
                        </control>
                      </groupChildrenDescriptors>
                      <row>2</row>
                    </control>
                    <control controlID="A781A015-6052-4A9B-9909-186F84B70C03" controlTypeID="RepeaterItem" x="0" y="204" w="335" h="48" zOrder="3" repeatID="012B0EBC-73AC-4D8D-A7BB-08C0A8AA9F9B">
                      <canMove>False</canMove>
                      <groupChildrenDescriptors>
                        <control controlID="A3D37B64-65BA-4FE6-9611-4173DA3F12E7" controlTypeID="TextArea" x="0" y="0" w="174" h="22" zOrder="0" repeatID="FEA4EC42-250E-4DC6-A303-85A7C2FD85B7">
                          <font family="Segoe+UI" displayName="Segoe+UI" postScript="" weightStyle="Normal" weight="400" isBold="False" isItalic="False"/>
                          <text>Secadora%0D%0A</text>
                          <textSize>18</textSize>
                          <useDefaultTextSize>False</useDefaultTextSize>
                          <selectedIndex>-1</selectedIndex>
                        </control>
                        <control controlID="1E811EA8-823E-40CC-9FBE-6989CB4F20F0" controlTypeID="TextArea" x="1" y="23" w="334" h="24" zOrder="1" repeatID="64E2FC32-AD7B-417E-9650-8358F565EC6E">
                          <font family="Segoe+UI" displayName="Segoe+UI" postScript="" weightStyle="Normal" weight="400" isBold="False" isItalic="False"/>
                          <text>Gratuita+o+de+pago%2C+en+el+mismo+edificio</text>
                          <textColor>4284374622</textColor>
                          <selectedIndex>-1</selectedIndex>
                        </control>
                        <control controlID="9A98FCCF-BEA3-41D3-944D-6624C838A53B" controlTypeID="Line" x="2" y="47" w="315" h="1" zOrder="2" repeatID="2C479A8B-54FF-45D2-8E5C-B9A091C3C67A">
                          <font family="Segoe+UI" displayName="Segoe+UI" postScript="" weightStyle="Normal" weight="400" isBold="False" isItalic="False"/>
                          <textColor>3640655872</textColor>
                          <textSize>14</textSize>
                          <lineSpacing>0</lineSpacing>
                          <selectedIndex>-1</selectedIndex>
                          <controlPoint>(158,0)</controlPoint>
                          <startPoint>(0,0)</startPoint>
                          <endPoint>(315,0)</endPoint>
                        </control>
                      </groupChildrenDescriptors>
                      <row>3</row>
                    </control>
                    <control controlID="89427C85-77A7-4C78-A0DA-4ECA54F21EBD" controlTypeID="RepeaterItem" x="0" y="272" w="335" h="48" zOrder="4" repeatID="012B0EBC-73AC-4D8D-A7BB-08C0A8AA9F9B">
                      <canMove>False</canMove>
                      <groupChildrenDescriptors>
                        <control controlID="DE5354EE-2118-402F-817E-6EEFE106ECF4" controlTypeID="TextArea" x="0" y="0" w="174" h="22" zOrder="0" repeatID="FEA4EC42-250E-4DC6-A303-85A7C2FD85B7">
                          <font family="Segoe+UI" displayName="Segoe+UI" postScript="" weightStyle="Normal" weight="400" isBold="False" isItalic="False"/>
                          <text>Secadora%0D%0A</text>
                          <textSize>18</textSize>
                          <useDefaultTextSize>False</useDefaultTextSize>
                          <selectedIndex>-1</selectedIndex>
                        </control>
                        <control controlID="B9A8E1AF-21E7-4798-9EA5-EEAF598ECC30" controlTypeID="TextArea" x="1" y="23" w="334" h="24" zOrder="1" repeatID="64E2FC32-AD7B-417E-9650-8358F565EC6E">
                          <font family="Segoe+UI" displayName="Segoe+UI" postScript="" weightStyle="Normal" weight="400" isBold="False" isItalic="False"/>
                          <text>Gratuita+o+de+pago%2C+en+el+mismo+edificio</text>
                          <textColor>4284374622</textColor>
                          <selectedIndex>-1</selectedIndex>
                        </control>
                        <control controlID="5EBC3D05-7B36-425C-A822-E84E9EB2DA5D" controlTypeID="Line" x="2" y="47" w="315" h="1" zOrder="2" repeatID="2C479A8B-54FF-45D2-8E5C-B9A091C3C67A">
                          <font family="Segoe+UI" displayName="Segoe+UI" postScript="" weightStyle="Normal" weight="400" isBold="False" isItalic="False"/>
                          <textColor>3640655872</textColor>
                          <textSize>14</textSize>
                          <lineSpacing>0</lineSpacing>
                          <selectedIndex>-1</selectedIndex>
                          <controlPoint>(158,0)</controlPoint>
                          <startPoint>(0,0)</startPoint>
                          <endPoint>(315,0)</endPoint>
                        </control>
                      </groupChildrenDescriptors>
                      <row>4</row>
                    </control>
                  </groupChildrenDescriptors>
                  <dashMode>SdSolid</dashMode>
                  <separatorColor>4291875024</separatorColor>
                  <separatorDashMode>SdSolid</separatorDashMode>
                  <itemWidth>335</itemWidth>
                  <itemHeight>48</itemHeight>
                </control>
              </groupChildrenDescriptors>
            </control>
            <control controlID="C47C0BA5-8959-4C68-90CD-28245624CDB5" controlTypeID="__group__" x="14" y="366" w="336" h="502" zOrder="1">
              <groupChildrenDescriptors>
                <control controlID="E71E699E-B1F0-4040-AB5D-6031C460FB3C" controlTypeID="Line" x="0" y="28" w="336" h="2" zOrder="0">
                  <font family="Segoe+UI" displayName="Segoe+UI" postScript="" weightStyle="Normal" weight="400" isBold="False" isItalic="False"/>
                  <textSize>14</textSize>
                  <lineSpacing>0</lineSpacing>
                  <selectedIndex>-1</selectedIndex>
                  <controlPoint>(168,1)</controlPoint>
                  <startPoint>(1,1)</startPoint>
                  <endPoint>(336,1)</endPoint>
                  <thickness>2</thickness>
                </control>
                <control controlID="243E0676-F63E-4C38-99C2-85EED470E7DB" controlTypeID="Label" x="0" y="0" w="212" h="32" zOrder="1">
                  <font family="Segoe+UI" displayName="Segoe+UI_%26_Bold" postScript="" weightStyle="Bold" weight="700" isBold="True" isItalic="False"/>
                  <text>Lugares+para+cenar</text>
                  <textSize>24</textSize>
                  <lineSpacing>0</lineSpacing>
                  <textStyles>[fsBold,fsUnderline]</textStyles>
                  <useDefaultTextSize>False</useDefaultTextSize>
                  <selectedIndex>-1</selectedIndex>
                </control>
                <control controlID="93682195-6445-4B78-A775-0070317273A8" controlTypeID="Repeater" x="0" y="32" w="335" h="470" zOrder="2">
                  <color>16777215</color>
                  <groupChildrenDescriptors>
                    <control controlID="470BBE27-272B-44FB-9FD7-64CCF1E80F23" controlTypeID="RepeaterItem" x="0" y="0" w="335" h="50" zOrder="0" repeatID="012B0EBC-73AC-4D8D-A7BB-08C0A8AA9F9B">
                      <canMove>False</canMove>
                      <groupChildrenDescriptors>
                        <control controlID="0790474A-8703-4775-AC73-F4264C401736" controlTypeID="TextArea" x="0" y="0" w="289" h="22" zOrder="0" repeatID="FEA4EC42-250E-4DC6-A303-85A7C2FD85B7">
                          <font family="Segoe+UI" displayName="Segoe+UI" postScript="" weightStyle="Normal" weight="400" isBold="False" isItalic="False"/>
                          <text>Cocina</text>
                          <textSize>18</textSize>
                          <useDefaultTextSize>False</useDefaultTextSize>
                          <selectedIndex>-1</selectedIndex>
                        </control>
                        <control controlID="E80B5CA3-A3AA-4FB5-B8EE-1C1E4CB0BBA3" controlTypeID="TextArea" x="1" y="23" w="334" h="24" zOrder="1" repeatID="64E2FC32-AD7B-417E-9650-8358F565EC6E">
                          <font family="Segoe+UI" displayName="Segoe+UI" postScript="" weightStyle="Normal" weight="400" isBold="False" isItalic="False"/>
                          <text>Cocina+disponible+para+el+uso+de+los+hu%C3%A9spedes</text>
                          <textColor>4284374622</textColor>
                          <selectedIndex>-1</selectedIndex>
                        </control>
                        <control controlID="9A025412-7D5A-43FA-A41C-D9159A33C54E" controlTypeID="Line" x="2" y="47" w="315" h="1" zOrder="2" repeatID="2C479A8B-54FF-45D2-8E5C-B9A091C3C67A">
                          <font family="Segoe+UI" displayName="Segoe+UI" postScript="" weightStyle="Normal" weight="400" isBold="False" isItalic="False"/>
                          <textColor>3640655872</textColor>
                          <textSize>14</textSize>
                          <lineSpacing>0</lineSpacing>
                          <selectedIndex>-1</selectedIndex>
                          <controlPoint>(158,0)</controlPoint>
                          <startPoint>(0,0)</startPoint>
                          <endPoint>(315,0)</endPoint>
                        </control>
                      </groupChildrenDescriptors>
                    </control>
                    <control controlID="7F43C319-B28C-413E-A2C0-AD2511FAB7EA" controlTypeID="RepeaterItem" x="0" y="70" w="335" h="50" zOrder="1" repeatID="012B0EBC-73AC-4D8D-A7BB-08C0A8AA9F9B">
                      <canMove>False</canMove>
                      <groupChildrenDescriptors>
                        <control controlID="62E15157-93A2-459D-A940-41FB52FB5FE4" controlTypeID="TextArea" x="0" y="0" w="289" h="22" zOrder="0" repeatID="FEA4EC42-250E-4DC6-A303-85A7C2FD85B7">
                          <font family="Segoe+UI" displayName="Segoe+UI" postScript="" weightStyle="Normal" weight="400" isBold="False" isItalic="False"/>
                          <text>Elementos+b%C3%A1sicos+para+cocinar</text>
                          <textSize>18</textSize>
                          <useDefaultTextSize>False</useDefaultTextSize>
                          <selectedIndex>-1</selectedIndex>
                        </control>
                        <control controlID="DD84D9FB-5F3A-46B3-A0E0-95A4B385925E" controlTypeID="TextArea" x="1" y="23" w="334" h="24" zOrder="1" repeatID="64E2FC32-AD7B-417E-9650-8358F565EC6E">
                          <font family="Segoe+UI" displayName="Segoe+UI" postScript="" weightStyle="Normal" weight="400" isBold="False" isItalic="False"/>
                          <text>Ollas+y+sartenes%2C+aceite%2C+sal+y+pimienta</text>
                          <textColor>4284374622</textColor>
                          <selectedIndex>-1</selectedIndex>
                        </control>
                        <control controlID="4D97B33A-C965-46A6-9852-DDD6BE3E3AE8" controlTypeID="Line" x="2" y="47" w="315" h="1" zOrder="2" repeatID="2C479A8B-54FF-45D2-8E5C-B9A091C3C67A">
                          <font family="Segoe+UI" displayName="Segoe+UI" postScript="" weightStyle="Normal" weight="400" isBold="False" isItalic="False"/>
                          <textColor>3640655872</textColor>
                          <textSize>14</textSize>
                          <lineSpacing>0</lineSpacing>
                          <selectedIndex>-1</selectedIndex>
                          <controlPoint>(158,0)</controlPoint>
                          <startPoint>(0,0)</startPoint>
                          <endPoint>(315,0)</endPoint>
                        </control>
                      </groupChildrenDescriptors>
                      <row>1</row>
                    </control>
                    <control controlID="A84E9FB8-06C1-45CB-9C0B-368445D97C03" controlTypeID="RepeaterItem" x="0" y="140" w="335" h="50" zOrder="2" repeatID="012B0EBC-73AC-4D8D-A7BB-08C0A8AA9F9B">
                      <canMove>False</canMove>
                      <groupChildrenDescriptors>
                        <control controlID="FDB30269-59FD-4148-98D6-BC12A3F41AF0" controlTypeID="TextArea" x="0" y="0" w="289" h="22" zOrder="0" repeatID="FEA4EC42-250E-4DC6-A303-85A7C2FD85B7">
                          <font family="Segoe+UI" displayName="Segoe+UI" postScript="" weightStyle="Normal" weight="400" isBold="False" isItalic="False"/>
                          <text>Platos+y+cubiertos</text>
                          <textSize>18</textSize>
                          <useDefaultTextSize>False</useDefaultTextSize>
                          <selectedIndex>-1</selectedIndex>
                        </control>
                        <control controlID="518E8BE8-C6A8-4CC4-974F-96BACB699AE0" controlTypeID="TextArea" x="1" y="23" w="334" h="24" zOrder="1" repeatID="64E2FC32-AD7B-417E-9650-8358F565EC6E">
                          <font family="Segoe+UI" displayName="Segoe+UI" postScript="" weightStyle="Normal" weight="400" isBold="False" isItalic="False"/>
                          <textColor>4284374622</textColor>
                          <selectedIndex>-1</selectedIndex>
                        </control>
                        <control controlID="3F63BF18-8FE9-4AE6-9415-44D48629A1AB" controlTypeID="Line" x="2" y="47" w="315" h="1" zOrder="2" repeatID="2C479A8B-54FF-45D2-8E5C-B9A091C3C67A">
                          <font family="Segoe+UI" displayName="Segoe+UI" postScript="" weightStyle="Normal" weight="400" isBold="False" isItalic="False"/>
                          <textColor>3640655872</textColor>
                          <textSize>14</textSize>
                          <lineSpacing>0</lineSpacing>
                          <selectedIndex>-1</selectedIndex>
                          <controlPoint>(158,0)</controlPoint>
                          <startPoint>(0,0)</startPoint>
                          <endPoint>(315,0)</endPoint>
                        </control>
                      </groupChildrenDescriptors>
                      <row>2</row>
                    </control>
                    <control controlID="06288EF2-468B-44FD-8768-560328704C1D" controlTypeID="RepeaterItem" x="0" y="210" w="335" h="50" zOrder="3" repeatID="012B0EBC-73AC-4D8D-A7BB-08C0A8AA9F9B">
                      <canMove>False</canMove>
                      <groupChildrenDescriptors>
                        <control controlID="766CBFBA-3CE2-41F2-935B-F7F1BB050400" controlTypeID="TextArea" x="0" y="0" w="289" h="22" zOrder="0" repeatID="FEA4EC42-250E-4DC6-A303-85A7C2FD85B7">
                          <font family="Segoe+UI" displayName="Segoe+UI" postScript="" weightStyle="Normal" weight="400" isBold="False" isItalic="False"/>
                          <text>Microondas</text>
                          <textSize>18</textSize>
                          <useDefaultTextSize>False</useDefaultTextSize>
                          <selectedIndex>-1</selectedIndex>
                        </control>
                        <control controlID="9273656A-EE33-47A7-A12B-D7339013E9CC" controlTypeID="TextArea" x="1" y="23" w="334" h="24" zOrder="1" repeatID="64E2FC32-AD7B-417E-9650-8358F565EC6E">
                          <font family="Segoe+UI" displayName="Segoe+UI" postScript="" weightStyle="Normal" weight="400" isBold="False" isItalic="False"/>
                          <textColor>4284374622</textColor>
                          <selectedIndex>-1</selectedIndex>
                        </control>
                        <control controlID="D41A9702-5A6E-4972-94E3-570C78AD4C6A" controlTypeID="Line" x="2" y="47" w="315" h="1" zOrder="2" repeatID="2C479A8B-54FF-45D2-8E5C-B9A091C3C67A">
                          <font family="Segoe+UI" displayName="Segoe+UI" postScript="" weightStyle="Normal" weight="400" isBold="False" isItalic="False"/>
                          <textColor>3640655872</textColor>
                          <textSize>14</textSize>
                          <lineSpacing>0</lineSpacing>
                          <selectedIndex>-1</selectedIndex>
                          <controlPoint>(158,0)</controlPoint>
                          <startPoint>(0,0)</startPoint>
                          <endPoint>(315,0)</endPoint>
                        </control>
                      </groupChildrenDescriptors>
                      <row>3</row>
                    </control>
                    <control controlID="4C5716DB-5DD6-4D1B-8FF6-CE83F75DA2B6" controlTypeID="RepeaterItem" x="0" y="280" w="335" h="50" zOrder="4" repeatID="012B0EBC-73AC-4D8D-A7BB-08C0A8AA9F9B">
                      <canMove>False</canMove>
                      <groupChildrenDescriptors>
                        <control controlID="ECA69A06-FFF9-4CCD-9CD7-B0874F790817" controlTypeID="TextArea" x="0" y="0" w="289" h="22" zOrder="0" repeatID="FEA4EC42-250E-4DC6-A303-85A7C2FD85B7">
                          <font family="Segoe+UI" displayName="Segoe+UI" postScript="" weightStyle="Normal" weight="400" isBold="False" isItalic="False"/>
                          <text>Refrigerador</text>
                          <textSize>18</textSize>
                          <useDefaultTextSize>False</useDefaultTextSize>
                          <selectedIndex>-1</selectedIndex>
                        </control>
                        <control controlID="473528FB-CA93-4326-8037-5E4F82A52EF5" controlTypeID="TextArea" x="1" y="23" w="334" h="24" zOrder="1" repeatID="64E2FC32-AD7B-417E-9650-8358F565EC6E">
                          <font family="Segoe+UI" displayName="Segoe+UI" postScript="" weightStyle="Normal" weight="400" isBold="False" isItalic="False"/>
                          <textColor>4284374622</textColor>
                          <selectedIndex>-1</selectedIndex>
                        </control>
                        <control controlID="BA07EA9A-894E-48B5-BF70-7DA5B479C79C" controlTypeID="Line" x="2" y="47" w="315" h="1" zOrder="2" repeatID="2C479A8B-54FF-45D2-8E5C-B9A091C3C67A">
                          <font family="Segoe+UI" displayName="Segoe+UI" postScript="" weightStyle="Normal" weight="400" isBold="False" isItalic="False"/>
                          <textColor>3640655872</textColor>
                          <textSize>14</textSize>
                          <lineSpacing>0</lineSpacing>
                          <selectedIndex>-1</selectedIndex>
                          <controlPoint>(158,0)</controlPoint>
                          <startPoint>(0,0)</startPoint>
                          <endPoint>(315,0)</endPoint>
                        </control>
                      </groupChildrenDescriptors>
                      <row>4</row>
                    </control>
                    <control controlID="F162AE00-B83D-4101-B3D5-4A0541C0A3FC" controlTypeID="RepeaterItem" x="0" y="350" w="335" h="50" zOrder="5" repeatID="012B0EBC-73AC-4D8D-A7BB-08C0A8AA9F9B">
                      <canMove>False</canMove>
                      <groupChildrenDescriptors>
                        <control controlID="94F39B54-1418-45A9-B37B-F6835DD8EE44" controlTypeID="TextArea" x="0" y="0" w="289" h="22" zOrder="0" repeatID="FEA4EC42-250E-4DC6-A303-85A7C2FD85B7">
                          <font family="Segoe+UI" displayName="Segoe+UI" postScript="" weightStyle="Normal" weight="400" isBold="False" isItalic="False"/>
                          <text>Horno</text>
                          <textSize>18</textSize>
                          <useDefaultTextSize>False</useDefaultTextSize>
                          <selectedIndex>-1</selectedIndex>
                        </control>
                        <control controlID="2409CA82-71AF-440B-B2B5-1C92E8D43DC0" controlTypeID="TextArea" x="1" y="23" w="334" h="24" zOrder="1" repeatID="64E2FC32-AD7B-417E-9650-8358F565EC6E">
                          <font family="Segoe+UI" displayName="Segoe+UI" postScript="" weightStyle="Normal" weight="400" isBold="False" isItalic="False"/>
                          <textColor>4284374622</textColor>
                          <selectedIndex>-1</selectedIndex>
                        </control>
                        <control controlID="B5E9BA5A-363C-448D-B604-7924115E5BA7" controlTypeID="Line" x="2" y="47" w="315" h="1" zOrder="2" repeatID="2C479A8B-54FF-45D2-8E5C-B9A091C3C67A">
                          <font family="Segoe+UI" displayName="Segoe+UI" postScript="" weightStyle="Normal" weight="400" isBold="False" isItalic="False"/>
                          <textColor>3640655872</textColor>
                          <textSize>14</textSize>
                          <lineSpacing>0</lineSpacing>
                          <selectedIndex>-1</selectedIndex>
                          <controlPoint>(158,0)</controlPoint>
                          <startPoint>(0,0)</startPoint>
                          <endPoint>(315,0)</endPoint>
                        </control>
                      </groupChildrenDescriptors>
                      <row>5</row>
                    </control>
                    <control controlID="65B4307F-42C2-49BE-916E-4B0F3A62FE3C" controlTypeID="RepeaterItem" x="0" y="420" w="335" h="50" zOrder="6" repeatID="012B0EBC-73AC-4D8D-A7BB-08C0A8AA9F9B">
                      <canMove>False</canMove>
                      <groupChildrenDescriptors>
                        <control controlID="DACCC9E5-349C-4A9E-B181-5B87B9DA2023" controlTypeID="TextArea" x="0" y="0" w="289" h="22" zOrder="0" repeatID="FEA4EC42-250E-4DC6-A303-85A7C2FD85B7">
                          <font family="Segoe+UI" displayName="Segoe+UI" postScript="" weightStyle="Normal" weight="400" isBold="False" isItalic="False"/>
                          <text>Estufa</text>
                          <textSize>18</textSize>
                          <useDefaultTextSize>False</useDefaultTextSize>
                          <selectedIndex>-1</selectedIndex>
                        </control>
                        <control controlID="82C5D9AA-F528-4277-B2A3-A1D1028636E9" controlTypeID="TextArea" x="1" y="23" w="334" h="24" zOrder="1" repeatID="64E2FC32-AD7B-417E-9650-8358F565EC6E">
                          <font family="Segoe+UI" displayName="Segoe+UI" postScript="" weightStyle="Normal" weight="400" isBold="False" isItalic="False"/>
                          <textColor>4284374622</textColor>
                          <selectedIndex>-1</selectedIndex>
                        </control>
                        <control controlID="D4323268-9DBF-4138-A899-69D3507B12CB" controlTypeID="Line" x="2" y="47" w="315" h="1" zOrder="2" repeatID="2C479A8B-54FF-45D2-8E5C-B9A091C3C67A">
                          <font family="Segoe+UI" displayName="Segoe+UI" postScript="" weightStyle="Normal" weight="400" isBold="False" isItalic="False"/>
                          <textColor>3640655872</textColor>
                          <textSize>14</textSize>
                          <lineSpacing>0</lineSpacing>
                          <selectedIndex>-1</selectedIndex>
                          <controlPoint>(158,0)</controlPoint>
                          <startPoint>(0,0)</startPoint>
                          <endPoint>(315,0)</endPoint>
                        </control>
                      </groupChildrenDescriptors>
                      <row>6</row>
                    </control>
                  </groupChildrenDescriptors>
                  <dashMode>SdSolid</dashMode>
                  <separatorColor>4291875024</separatorColor>
                  <separatorDashMode>SdSolid</separatorDashMode>
                  <itemWidth>335</itemWidth>
                  <itemHeight>50</itemHeight>
                </control>
              </groupChildrenDescriptors>
            </control>
            <control controlID="794A5936-57B5-40FB-BDDD-D260959C56F3" controlTypeID="__group__" x="9" y="896" w="336" h="301" zOrder="2">
              <groupChildrenDescriptors>
                <control controlID="2DC5A1D1-3E45-42BB-856F-6A48198A1C8A" controlTypeID="Repeater" x="0" y="31" w="335" h="270" zOrder="0">
                  <color>16777215</color>
                  <groupChildrenDescriptors>
                    <control controlID="70A06B6D-46CC-42DE-BBC0-CD9647C0AA6A" controlTypeID="RepeaterItem" x="0" y="0" w="335" h="28" zOrder="0" repeatID="012B0EBC-73AC-4D8D-A7BB-08C0A8AA9F9B">
                      <canMove>False</canMove>
                      <groupChildrenDescriptors>
                        <control controlID="C2C34D1C-279F-4D65-8BBC-6F9BB4B11B1E" controlTypeID="TextArea" x="0" y="0" w="174" h="22" zOrder="0" repeatID="FEA4EC42-250E-4DC6-A303-85A7C2FD85B7">
                          <font family="Segoe+UI" displayName="Segoe+UI" postScript="" weightStyle="Normal" weight="400" isBold="False" isItalic="False"/>
                          <text>Aire+acondicionado</text>
                          <textSize>18</textSize>
                          <textStyles>[fsStrikeOut]</textStyles>
                          <useDefaultTextSize>False</useDefaultTextSize>
                          <selectedIndex>-1</selectedIndex>
                        </control>
                        <control controlID="D36186EB-2196-47CA-B968-8FA8F85889F2" controlTypeID="Line" x="2" y="47" w="315" h="1" zOrder="1" repeatID="2C479A8B-54FF-45D2-8E5C-B9A091C3C67A">
                          <font family="Segoe+UI" displayName="Segoe+UI" postScript="" weightStyle="Normal" weight="400" isBold="False" isItalic="False"/>
                          <textColor>3640655872</textColor>
                          <textSize>14</textSize>
                          <lineSpacing>0</lineSpacing>
                          <selectedIndex>-1</selectedIndex>
                          <controlPoint>(158,0)</controlPoint>
                          <startPoint>(0,0)</startPoint>
                          <endPoint>(315,0)</endPoint>
                        </control>
                      </groupChildrenDescriptors>
                    </control>
                    <control controlID="FB912152-664A-475D-AA90-01BC9C78DDA6" controlTypeID="RepeaterItem" x="0" y="48" w="335" h="28" zOrder="1" repeatID="012B0EBC-73AC-4D8D-A7BB-08C0A8AA9F9B">
                      <canMove>False</canMove>
                      <groupChildrenDescriptors>
                        <control controlID="A248CBB1-25ED-44A7-99C1-3FDED318639B" controlTypeID="TextArea" x="0" y="0" w="174" h="22" zOrder="0" repeatID="FEA4EC42-250E-4DC6-A303-85A7C2FD85B7">
                          <font family="Segoe+UI" displayName="Segoe+UI" postScript="" weightStyle="Normal" weight="400" isBold="False" isItalic="False"/>
                          <text>Calefacci%C3%B3n</text>
                          <textSize>18</textSize>
                          <textStyles>[fsStrikeOut]</textStyles>
                          <useDefaultTextSize>False</useDefaultTextSize>
                          <selectedIndex>-1</selectedIndex>
                        </control>
                        <control controlID="6D5B3080-E5AC-4617-92A3-5EE9459C96D7" controlTypeID="Line" x="2" y="47" w="315" h="1" zOrder="1" repeatID="2C479A8B-54FF-45D2-8E5C-B9A091C3C67A">
                          <font family="Segoe+UI" displayName="Segoe+UI" postScript="" weightStyle="Normal" weight="400" isBold="False" isItalic="False"/>
                          <textColor>3640655872</textColor>
                          <textSize>14</textSize>
                          <lineSpacing>0</lineSpacing>
                          <selectedIndex>-1</selectedIndex>
                          <controlPoint>(158,0)</controlPoint>
                          <startPoint>(0,0)</startPoint>
                          <endPoint>(315,0)</endPoint>
                        </control>
                      </groupChildrenDescriptors>
                      <row>1</row>
                    </control>
                    <control controlID="25D48A8A-6062-4132-8AD1-B2002BDED720" controlTypeID="RepeaterItem" x="0" y="97" w="335" h="28" zOrder="2" repeatID="012B0EBC-73AC-4D8D-A7BB-08C0A8AA9F9B">
                      <canMove>False</canMove>
                      <groupChildrenDescriptors>
                        <control controlID="1DE762C2-2F22-43F0-B330-678973896166" controlTypeID="TextArea" x="0" y="0" w="174" h="22" zOrder="0" repeatID="FEA4EC42-250E-4DC6-A303-85A7C2FD85B7">
                          <font family="Segoe+UI" displayName="Segoe+UI" postScript="" weightStyle="Normal" weight="400" isBold="False" isItalic="False"/>
                          <text>TV</text>
                          <textSize>18</textSize>
                          <textStyles>[fsStrikeOut]</textStyles>
                          <useDefaultTextSize>False</useDefaultTextSize>
                          <selectedIndex>-1</selectedIndex>
                        </control>
                        <control controlID="C0AD3DE3-9EA0-4BC2-B1DE-4E49474717A3" controlTypeID="Line" x="2" y="47" w="315" h="1" zOrder="1" repeatID="2C479A8B-54FF-45D2-8E5C-B9A091C3C67A">
                          <font family="Segoe+UI" displayName="Segoe+UI" postScript="" weightStyle="Normal" weight="400" isBold="False" isItalic="False"/>
                          <textColor>3640655872</textColor>
                          <textSize>14</textSize>
                          <lineSpacing>0</lineSpacing>
                          <selectedIndex>-1</selectedIndex>
                          <controlPoint>(158,0)</controlPoint>
                          <startPoint>(0,0)</startPoint>
                          <endPoint>(315,0)</endPoint>
                        </control>
                      </groupChildrenDescriptors>
                      <row>2</row>
                    </control>
                    <control controlID="5A55EB0E-D149-421F-945E-04C14D51F229" controlTypeID="RepeaterItem" x="0" y="145" w="335" h="28" zOrder="3" repeatID="012B0EBC-73AC-4D8D-A7BB-08C0A8AA9F9B">
                      <canMove>False</canMove>
                      <groupChildrenDescriptors>
                        <control controlID="74813897-2FAA-41F2-8782-8725EAF5A997" controlTypeID="TextArea" x="0" y="0" w="174" h="22" zOrder="0" repeatID="FEA4EC42-250E-4DC6-A303-85A7C2FD85B7">
                          <font family="Segoe+UI" displayName="Segoe+UI" postScript="" weightStyle="Normal" weight="400" isBold="False" isItalic="False"/>
                          <text>Entrada+privada</text>
                          <textSize>18</textSize>
                          <textStyles>[fsStrikeOut]</textStyles>
                          <useDefaultTextSize>False</useDefaultTextSize>
                          <selectedIndex>-1</selectedIndex>
                        </control>
                        <control controlID="BA5AFFE7-CD67-422F-A66F-4DCCA34BF577" controlTypeID="Line" x="2" y="47" w="315" h="1" zOrder="1" repeatID="2C479A8B-54FF-45D2-8E5C-B9A091C3C67A">
                          <font family="Segoe+UI" displayName="Segoe+UI" postScript="" weightStyle="Normal" weight="400" isBold="False" isItalic="False"/>
                          <textColor>3640655872</textColor>
                          <textSize>14</textSize>
                          <lineSpacing>0</lineSpacing>
                          <selectedIndex>-1</selectedIndex>
                          <controlPoint>(158,0)</controlPoint>
                          <startPoint>(0,0)</startPoint>
                          <endPoint>(315,0)</endPoint>
                        </control>
                      </groupChildrenDescriptors>
                      <row>3</row>
                    </control>
                    <control controlID="16D4BF8D-EF25-4B99-A257-DF0A30655197" controlTypeID="RepeaterItem" x="0" y="193" w="335" h="28" zOrder="4" repeatID="012B0EBC-73AC-4D8D-A7BB-08C0A8AA9F9B">
                      <canMove>False</canMove>
                      <groupChildrenDescriptors>
                        <control controlID="3E3749F9-18E4-480B-B974-B0FA72C0E4AC" controlTypeID="TextArea" x="0" y="0" w="174" h="22" zOrder="0" repeatID="FEA4EC42-250E-4DC6-A303-85A7C2FD85B7">
                          <font family="Segoe+UI" displayName="Segoe+UI" postScript="" weightStyle="Normal" weight="400" isBold="False" isItalic="False"/>
                          <text>Detector+de+humo</text>
                          <textSize>18</textSize>
                          <textStyles>[fsStrikeOut]</textStyles>
                          <useDefaultTextSize>False</useDefaultTextSize>
                          <selectedIndex>-1</selectedIndex>
                        </control>
                        <control controlID="15D4E8A7-C56A-409F-8C79-FC63FC8EDFF3" controlTypeID="Line" x="2" y="47" w="315" h="1" zOrder="1" repeatID="2C479A8B-54FF-45D2-8E5C-B9A091C3C67A">
                          <font family="Segoe+UI" displayName="Segoe+UI" postScript="" weightStyle="Normal" weight="400" isBold="False" isItalic="False"/>
                          <textColor>3640655872</textColor>
                          <textSize>14</textSize>
                          <lineSpacing>0</lineSpacing>
                          <selectedIndex>-1</selectedIndex>
                          <controlPoint>(158,0)</controlPoint>
                          <startPoint>(0,0)</startPoint>
                          <endPoint>(315,0)</endPoint>
                        </control>
                      </groupChildrenDescriptors>
                      <row>4</row>
                    </control>
                    <control controlID="8A91B57A-7F23-44F9-BA8A-1844096EC75B" controlTypeID="RepeaterItem" x="0" y="242" w="335" h="28" zOrder="5" repeatID="012B0EBC-73AC-4D8D-A7BB-08C0A8AA9F9B">
                      <canMove>False</canMove>
                      <groupChildrenDescriptors>
                        <control controlID="072353E0-AFCF-498F-892B-787B96313D96" controlTypeID="TextArea" x="0" y="0" w="174" h="22" zOrder="0" repeatID="FEA4EC42-250E-4DC6-A303-85A7C2FD85B7">
                          <font family="Segoe+UI" displayName="Segoe+UI" postScript="" weightStyle="Normal" weight="400" isBold="False" isItalic="False"/>
                          <text>Secador+de+pelo</text>
                          <textSize>18</textSize>
                          <textStyles>[fsStrikeOut]</textStyles>
                          <useDefaultTextSize>False</useDefaultTextSize>
                          <selectedIndex>-1</selectedIndex>
                        </control>
                        <control controlID="B4B8637D-0D04-4E3B-AA41-CF9CA4DB071C" controlTypeID="Line" x="2" y="47" w="315" h="1" zOrder="1" repeatID="2C479A8B-54FF-45D2-8E5C-B9A091C3C67A">
                          <font family="Segoe+UI" displayName="Segoe+UI" postScript="" weightStyle="Normal" weight="400" isBold="False" isItalic="False"/>
                          <textColor>3640655872</textColor>
                          <textSize>14</textSize>
                          <lineSpacing>0</lineSpacing>
                          <selectedIndex>-1</selectedIndex>
                          <controlPoint>(158,0)</controlPoint>
                          <startPoint>(0,0)</startPoint>
                          <endPoint>(315,0)</endPoint>
                        </control>
                      </groupChildrenDescriptors>
                      <row>5</row>
                    </control>
                  </groupChildrenDescriptors>
                  <dashMode>SdSolid</dashMode>
                  <separatorColor>4291875024</separatorColor>
                  <separatorDashMode>SdSolid</separatorDashMode>
                  <itemWidth>335</itemWidth>
                  <itemHeight>28</itemHeight>
                </control>
                <control controlID="7F12A477-5EDE-4EC9-A696-50EEA4A90308" controlTypeID="Line" x="0" y="27" w="336" h="2" zOrder="1">
                  <font family="Segoe+UI" displayName="Segoe+UI" postScript="" weightStyle="Normal" weight="400" isBold="False" isItalic="False"/>
                  <textSize>14</textSize>
                  <lineSpacing>0</lineSpacing>
                  <selectedIndex>-1</selectedIndex>
                  <controlPoint>(168,1)</controlPoint>
                  <startPoint>(1,1)</startPoint>
                  <endPoint>(336,1)</endPoint>
                  <thickness>2</thickness>
                </control>
                <control controlID="DA3DB617-19A0-4AF0-985B-36FE8BE2E81B" controlTypeID="Label" x="0" y="0" w="141" h="32" zOrder="2">
                  <font family="Segoe+UI" displayName="Segoe+UI_%26_Bold" postScript="" weightStyle="Bold" weight="700" isBold="True" isItalic="False"/>
                  <text>No+incluidos</text>
                  <textSize>24</textSize>
                  <lineSpacing>0</lineSpacing>
                  <textStyles>[fsBold,fsUnderline]</textStyles>
                  <useDefaultTextSize>False</useDefaultTextSize>
                  <selectedIndex>-1</selectedIndex>
                </control>
              </groupChildrenDescriptors>
            </control>
            <control controlID="5CBEABC4-DBFA-4707-B0BA-1A15D4C5D952" controlTypeID="Icon" x="324" y="6" w="26" h="26" zOrder="3">
              <icon>
                <ID/>
                <iconFontName>jdIonicons</iconFontName>
                <iconCode>62334</iconCode>
              </icon>
              <URL>69A4D1E5CE13432C6A4F579026917C6A.svg</URL>
            </control>
            <control controlID="0FD09818-962C-4727-87C7-80931EDA72AF" controlTypeID="Icon" x="325" y="890" w="26" h="26" zOrder="4">
              <icon>
                <ID/>
                <iconFontName>jdIonicons</iconFontName>
                <iconCode>62334</iconCode>
              </icon>
              <URL>69A4D1E5CE13432C6A4F579026917C6A.svg</URL>
            </control>
          </groupChildrenDescriptors>
        </control>
        <control controlID="6DF7FB17-120E-4C45-BAB3-1C83D7B06400" controlTypeID="Border" x="0" y="0" w="377" h="572" zOrder="1">
          <color>4284900966</color>
          <borderColor>4278190080</borderColor>
          <borderVisible>False</borderVisible>
          <alias>borderLayer</alias>
        </control>
      </groupChildrenDescriptors>
    </control>
    <control controlID="BD0900B9-4FCA-429B-BDAA-D2D4A086EB22" controlTypeID="Label" x="5" y="-2" w="166" h="54" zOrder="3">
      <font family="Segoe+UI" displayName="Segoe+UI_%26_Bold" postScript="" weightStyle="Bold" weight="700" isBold="True" isItalic="False"/>
      <text>Servicios</text>
      <textColor>4294967295</textColor>
      <textSize>40</textSize>
      <lineSpacing>0</lineSpacing>
      <textStyles>[fsBold]</textStyles>
      <useDefaultTextSize>False</useDefaultTextSize>
      <selectedIndex>-1</selectedIndex>
    </control>
  </controls>
  <param>
    <backgroundColor>4294914918</backgroundColor>
    <fontSize>14</fontSize>
    <fontFamily>Segoe+UI</fontFamily>
    <guideLines/>
  </param>
</mockup>