﻿<mockup version="5.3" minAllowVersion="5.3" ID="24755839-CA37-412E-AB99-3F04D2D570A1" platform="MtMobile" defaultW="375" defaultH="667" measureW="375" measureH="667" screenOrientation="MoPortrait" mobileScreenScale="1.77777779102325" clipArea="(0,0,0,0)">
  <controls controlCount="13">
    <control controlID="FEB210E2-06EE-4DA9-9157-09B92E148D8F" controlTypeID="Image" x="0" y="-8" w="374" h="250" zOrder="0">
      <URL>9A6AEB3174A5BB0315ED32604B13CCA5.png</URL>
    </control>
    <control controlID="F3996C39-85D7-4A29-8510-1350A19A3C25" controlTypeID="Button" x="16" y="280" w="345" h="48" zOrder="1">
      <links eventType="AtClick" animate="AmNone" animateAutoDelay="0" animateDuration="500">
        <link targetPageID="D81B46C2-E051-40D7-A4E6-4E378AFCF37F" linkType="ltPageLink" isApplyIncludePage="False" title="Agregar+Alojamiento">
          <area shape="0" alt="" ID="{F43502CF-A397-4848-9A27-8FA94187476C}" coords="(0,0,345,48)"/>
        </link>
      </links>
      <font family="Segoe+UI" displayName="Segoe+UI" postScript="" weightStyle="Normal" weight="400" isBold="False" isItalic="False"/>
      <text>AGREGAR+ALOJAMIENTO</text>
      <textColor>4294914918</textColor>
      <lineSpacing>0</lineSpacing>
      <selectedIndex>-1</selectedIndex>
    </control>
    <control controlID="6C85EDFD-2E22-451F-9A37-7D0F7CB0F69C" controlTypeID="Button" x="16" y="476" w="345" h="48" zOrder="2">
      <links eventType="AtClick" animate="AmNone" animateAutoDelay="0" animateDuration="500">
        <link targetPageID="78CC37F3-480C-42CD-A995-6D511235713E" linkType="ltPageLink" isApplyIncludePage="False" title="Eliminar+alojamiento">
          <area shape="0" alt="" ID="{F43502CF-A397-4848-9A27-8FA94187476C}" coords="(0,0,345,48)"/>
        </link>
      </links>
      <font family="Segoe+UI" displayName="Segoe+UI" postScript="" weightStyle="Normal" weight="400" isBold="False" isItalic="False"/>
      <text>BORRAR+ALOJAMIENTO</text>
      <textColor>4294914918</textColor>
      <lineSpacing>0</lineSpacing>
      <selectedIndex>-1</selectedIndex>
    </control>
    <control controlID="2380180C-787F-4A13-9F34-3770FEFDAB6D" controlTypeID="Button" x="16" y="410" w="345" h="48" zOrder="3">
      <links eventType="AtClick" animate="AmNone" animateAutoDelay="0" animateDuration="500">
        <link targetPageID="A476761A-BA8F-4257-9CE2-2048037BC6BC" linkType="ltPageLink" isApplyIncludePage="False" title="Editar">
          <area shape="0" alt="" ID="{F43502CF-A397-4848-9A27-8FA94187476C}" coords="(0,0,345,48)"/>
        </link>
      </links>
      <font family="Segoe+UI" displayName="Segoe+UI" postScript="" weightStyle="Normal" weight="400" isBold="False" isItalic="False"/>
      <text>EDITAR+ALOJAMIENTO</text>
      <textColor>4294914918</textColor>
      <lineSpacing>0</lineSpacing>
      <selectedIndex>-1</selectedIndex>
    </control>
    <control controlID="B429BDDB-8524-4670-9022-DB85D42BB0F9" controlTypeID="Button" x="20" y="610" w="345" h="37" zOrder="4">
      <links eventType="AtClick" animate="AmNone" animateAutoDelay="0" animateDuration="500">
        <link targetPageID="FF4BBB6F-3DA3-46CF-953C-524927FDD622" linkType="ltPageLink" isApplyIncludePage="False" title="Home">
          <area shape="0" alt="" ID="{F43502CF-A397-4848-9A27-8FA94187476C}" coords="(0,0,345,37)"/>
        </link>
      </links>
      <font family="Segoe+UI" displayName="Segoe+UI" postScript="" weightStyle="Normal" weight="400" isBold="False" isItalic="False"/>
      <text>CERRAR+SESION</text>
      <textColor>4294914918</textColor>
      <lineSpacing>0</lineSpacing>
      <selectedIndex>-1</selectedIndex>
    </control>
    <control controlID="255B5DB2-27AB-4AB4-8B13-2BC5F3A46760" controlTypeID="Icon" x="108" y="32" w="161" h="161" zOrder="5">
      <color>4278190080</color>
      <icon>
        <ID/>
        <iconFontName>jdiconfontB</iconFontName>
        <iconCode>59648</iconCode>
      </icon>
      <URL>42CF9E031360EBC09387427849BF6328.svg</URL>
    </control>
    <control controlID="39481D21-EB89-4DC9-BE8F-82D71D52C7C4" controlTypeID="Button" x="16" y="338" w="345" h="48" zOrder="6">
      <links eventType="AtClick" animate="AmNone" animateAutoDelay="0" animateDuration="500">
        <link targetPageID="D81B46C2-E051-40D7-A4E6-4E378AFCF37F" linkType="ltPageLink" isApplyIncludePage="False" title="Agregar+Alojamiento">
          <area shape="0" alt="" ID="{F43502CF-A397-4848-9A27-8FA94187476C}" coords="(0,0,345,48)"/>
        </link>
      </links>
      <font family="Segoe+UI" displayName="Segoe+UI" postScript="" weightStyle="Normal" weight="400" isBold="False" isItalic="False"/>
      <text>RESERVACIONES</text>
      <textColor>4294914918</textColor>
      <lineSpacing>0</lineSpacing>
      <selectedIndex>-1</selectedIndex>
    </control>
    <control controlID="D10D7898-EFE5-4589-99D6-80FF9AFA4F35" controlTypeID="Icon" x="318" y="0" w="37" h="37" zOrder="7">
      <links eventType="AtClick" animate="AmNone" animateAutoDelay="0" animateDuration="500">
        <link targetPageID="2AE00A74-472E-4368-B3CF-336C46FAA9A3" linkType="ltPageLink" isApplyIncludePage="False" title="Editar">
          <area shape="0" alt="" ID="{B57B54D0-5BC6-4104-8A98-F6A3D048F338}" coords="(0,0,37,37)"/>
        </link>
      </links>
      <icon>
        <ID/>
        <iconFontName>jdIonicons</iconFontName>
        <iconCode>62334</iconCode>
      </icon>
      <URL>69A4D1E5CE13432C6A4F579026917C6A.svg</URL>
    </control>
    <control controlID="A04B2B43-2B43-441B-920D-E2355EE31785" controlTypeID="Icon" x="103" y="203" w="24" h="24" zOrder="8">
      <color>4278190080</color>
      <icon>
        <ID/>
        <iconFontName>jdIonicons</iconFontName>
        <iconCode>62204</iconCode>
      </icon>
      <URL>7368E932054EB35095B123FCB5C28A31.svg</URL>
    </control>
    <control controlID="FA32D2BF-C193-4097-8E6C-0A45DCB7D0E1" controlTypeID="Icon" x="137" y="203" w="24" h="24" zOrder="9">
      <color>4278190080</color>
      <icon>
        <ID/>
        <iconFontName>jdIonicons</iconFontName>
        <iconCode>62204</iconCode>
      </icon>
      <URL>7368E932054EB35095B123FCB5C28A31.svg</URL>
    </control>
    <control controlID="836C2792-F206-45C5-88B7-05F3219CC2F0" controlTypeID="Icon" x="171" y="203" w="24" h="24" zOrder="10">
      <color>4278190080</color>
      <icon>
        <ID/>
        <iconFontName>jdIonicons</iconFontName>
        <iconCode>62204</iconCode>
      </icon>
      <URL>7368E932054EB35095B123FCB5C28A31.svg</URL>
    </control>
    <control controlID="FCBE7B1C-515E-4272-947B-30F069156FF1" controlTypeID="Icon" x="205" y="203" w="24" h="24" zOrder="11">
      <color>4278190080</color>
      <icon>
        <ID/>
        <iconFontName>jdIonicons</iconFontName>
        <iconCode>62204</iconCode>
      </icon>
      <URL>7368E932054EB35095B123FCB5C28A31.svg</URL>
    </control>
    <control controlID="E6931FA6-1471-4DF8-8CE5-F3FD9DFCD9D1" controlTypeID="Icon" x="239" y="203" w="24" h="24" zOrder="12">
      <color>4278190080</color>
      <icon>
        <ID/>
        <iconFontName>jdIonicons</iconFontName>
        <iconCode>62381</iconCode>
      </icon>
      <URL>C487087161B7AFAC4353A4C6F54A65A1.svg</URL>
    </control>
  </controls>
  <param>
    <backgroundColor>4294914918</backgroundColor>
    <fontSize>14</fontSize>
    <fontFamily>Segoe+UI</fontFamily>
    <guideLines/>
  </param>
</mockup>