﻿<mockup version="5.3" minAllowVersion="5.3" ID="2CEF0520-4CB6-4CED-B5EF-28C1569FB34F" platform="MtMobile" defaultW="375" defaultH="667" measureW="375" measureH="667" screenOrientation="MoPortrait" mobileScreenScale="1.77777779102325" clipArea="(0,0,0,0)">
  <controls controlCount="18">
    <control controlID="C09DFF25-17F7-46BC-9C7D-42CDDE7691A6" controlTypeID="__group__" x="20" y="94" w="321" h="28" zOrder="0">
      <groupChildrenDescriptors>
        <control controlID="869F350B-F4D4-4E53-8D3E-E7D28DD53615" controlTypeID="Line" x="0" y="27" w="321" h="2" zOrder="0">
          <font family="Segoe+UI" displayName="Segoe+UI" postScript="" weightStyle="Normal" weight="400" isBold="False" isItalic="False"/>
          <textColor>4294967295</textColor>
          <textSize>14</textSize>
          <lineSpacing>0</lineSpacing>
          <selectedIndex>-1</selectedIndex>
          <controlPoint>(160,1)</controlPoint>
          <startPoint>(0,1)</startPoint>
          <endPoint>(321,1)</endPoint>
        </control>
        <control controlID="7138428E-A38C-4DFE-B2EF-6876260341C8" controlTypeID="TextArea" x="0" y="0" w="81" h="28" zOrder="1">
          <font family="Segoe+UI" displayName="Segoe+UI_%26_Bold" postScript="" weightStyle="Bold" weight="700" isBold="True" isItalic="False"/>
          <text>NOMBRE</text>
          <textColor>4294967295</textColor>
          <textStyles>[fsBold]</textStyles>
          <selectedIndex>-1</selectedIndex>
        </control>
      </groupChildrenDescriptors>
    </control>
    <control controlID="4A5C459B-F845-4B96-8B0A-DAA943D04CEA" controlTypeID="__group__" x="20" y="159" w="321" h="29" zOrder="1">
      <groupChildrenDescriptors>
        <control controlID="DF4B090C-CF0E-4135-9868-295362307E1B" controlTypeID="Line" x="0" y="27" w="321" h="2" zOrder="0">
          <font family="Segoe+UI" displayName="Segoe+UI" postScript="" weightStyle="Normal" weight="400" isBold="False" isItalic="False"/>
          <textColor>4294967295</textColor>
          <textSize>14</textSize>
          <lineSpacing>0</lineSpacing>
          <selectedIndex>-1</selectedIndex>
          <controlPoint>(160,1)</controlPoint>
          <startPoint>(0,1)</startPoint>
          <endPoint>(321,1)</endPoint>
        </control>
        <control controlID="E895F917-B0EE-41C1-8B25-43DA75F9C7A7" controlTypeID="TextArea" x="0" y="0" w="81" h="28" zOrder="1">
          <font family="Segoe+UI" displayName="Segoe+UI_%26_Bold" postScript="" weightStyle="Bold" weight="700" isBold="True" isItalic="False"/>
          <text>EDAD</text>
          <textColor>4294967295</textColor>
          <textStyles>[fsBold]</textStyles>
          <selectedIndex>-1</selectedIndex>
        </control>
      </groupChildrenDescriptors>
    </control>
    <control controlID="8216C37D-333F-4BC0-AA53-1A6658EA5C1B" controlTypeID="__group__" x="20" y="222" w="321" h="29" zOrder="2">
      <groupChildrenDescriptors>
        <control controlID="B44D0E18-0366-416B-B72D-9ED79533476E" controlTypeID="Line" x="0" y="27" w="321" h="2" zOrder="0">
          <font family="Segoe+UI" displayName="Segoe+UI" postScript="" weightStyle="Normal" weight="400" isBold="False" isItalic="False"/>
          <textColor>4294967295</textColor>
          <textSize>14</textSize>
          <lineSpacing>0</lineSpacing>
          <selectedIndex>-1</selectedIndex>
          <controlPoint>(160,1)</controlPoint>
          <startPoint>(0,1)</startPoint>
          <endPoint>(321,1)</endPoint>
        </control>
        <control controlID="530D32D0-88D1-42F2-803D-118427BA2F41" controlTypeID="TextArea" x="0" y="0" w="81" h="28" zOrder="1">
          <font family="Segoe+UI" displayName="Segoe+UI_%26_Bold" postScript="" weightStyle="Bold" weight="700" isBold="True" isItalic="False"/>
          <text>CORREO</text>
          <textColor>4294967295</textColor>
          <textStyles>[fsBold]</textStyles>
          <selectedIndex>-1</selectedIndex>
        </control>
      </groupChildrenDescriptors>
    </control>
    <control controlID="816C2FE0-4B0A-4298-A07A-1E7E025D4E95" controlTypeID="CompositeComboBox" x="20" y="357" w="321" h="39" zOrder="3">
      <groupChildrenDescriptors>
        <control controlID="EE8F2CF8-68CF-483C-8C3A-C28371880E46" controlTypeID="TextInput" x="0" y="0" w="298" h="39" zOrder="0">
          <locked>True</locked>
          <canMove>False</canMove>
          <alias>input</alias>
          <font family="Segoe+UI" displayName="Segoe+UI" postScript="" weightStyle="Normal" weight="400" isBold="False" isItalic="False"/>
          <text>NACIONALIDAD</text>
          <textColor>4294914918</textColor>
          <lineSpacing>0</lineSpacing>
          <selectedIndex>-1</selectedIndex>
        </control>
        <control controlID="0DA6DE9C-D70C-4B00-BED6-8AC8EDD29F48" controlTypeID="Button" x="297" y="0" w="24" h="39" zOrder="1">
          <locked>True</locked>
          <canMove>False</canMove>
          <alias>button</alias>
          <font family="Segoe+UI" displayName="Segoe+UI" postScript="" weightStyle="Normal" weight="400" isBold="False" isItalic="False"/>
          <lineSpacing>0</lineSpacing>
          <selectedIndex>-1</selectedIndex>
          <radius>0</radius>
        </control>
        <control controlID="B5A52103-87D5-4460-B1BD-4EAA45C13160" controlTypeID="List" x="0" y="39" w="321" h="41" zOrder="2">
          <isShow>False</isShow>
          <canMove>False</canMove>
          <alias>dropDown</alias>
          <font family="Segoe+UI" displayName="Segoe+UI" postScript="" weightStyle="Normal" weight="400" isBold="False" isItalic="False"/>
          <text>NACIONALIDAD</text>
          <textSize>14</textSize>
          <lineSpacing>0</lineSpacing>
          <itemHeight>39</itemHeight>
          <interlaceColor>4294967295</interlaceColor>
        </control>
      </groupChildrenDescriptors>
      <font family="Segoe+UI"/>
      <textColor>4294914918</textColor>
      <textSize>14</textSize>
    </control>
    <control controlID="D332D438-B3F9-4A7F-9207-E477D70A8892" controlTypeID="Button" x="20" y="581" w="321" h="48" zOrder="4">
      <links eventType="AtClick" animate="AmNone" animateAutoDelay="0" animateDuration="500">
        <link targetPageID="4A25728C-23A3-45CE-B19F-11BE66CA3488" linkType="ltPageLink" isApplyIncludePage="False" title="IHuesped">
          <area shape="0" alt="" ID="{F43502CF-A397-4848-9A27-8FA94187476C}" coords="(0,0,321,48)"/>
        </link>
      </links>
      <font family="Segoe+UI" displayName="Segoe+UI" postScript="" weightStyle="Normal" weight="400" isBold="False" isItalic="False"/>
      <text>FINALIZAR</text>
      <textColor>4294914918</textColor>
      <lineSpacing>0</lineSpacing>
      <selectedIndex>-1</selectedIndex>
    </control>
    <control controlID="05789EB7-3165-42C3-A999-725015F60A4B" controlTypeID="TextArea" x="10" y="10" w="321" h="64" zOrder="5">
      <font family="Segoe+UI" displayName="Segoe+UI_%26_Bold" postScript="" weightStyle="Bold" weight="700" isBold="True" isItalic="False"/>
      <text>EDITAR+PERFIL</text>
      <textColor>4294967295</textColor>
      <textSize>32</textSize>
      <textStyles>[fsBold]</textStyles>
      <useDefaultTextSize>False</useDefaultTextSize>
      <selectedIndex>-1</selectedIndex>
    </control>
    <control controlID="BCCC8982-210A-401E-90DE-3422DC0D7D62" controlTypeID="__group__" x="20" y="461" w="321" h="48" zOrder="6">
      <groupChildrenDescriptors>
        <control controlID="EE81DADE-F604-4EB3-85A9-AF5297CE2A89" controlTypeID="Button" x="0" y="0" w="321" h="48" zOrder="0">
          <font family="Segoe+UI" displayName="Segoe+UI" postScript="" weightStyle="Normal" weight="400" isBold="False" isItalic="False"/>
          <text>SUBIR+FOTO</text>
          <textColor>4294914918</textColor>
          <lineSpacing>0</lineSpacing>
          <selectedIndex>-1</selectedIndex>
        </control>
        <control controlID="DB3BE2ED-EAB5-4C27-A645-47BC7DD59196" controlTypeID="Icon" x="274" y="6" w="37" h="37" zOrder="1">
          <color>4294914918</color>
          <icon>
            <ID/>
            <iconFontName>jdIonicons</iconFontName>
            <iconCode>62163</iconCode>
          </icon>
          <URL>C7D1B4CE058A7FC0691E8FF41CC36AD9.svg</URL>
        </control>
      </groupChildrenDescriptors>
    </control>
  </controls>
  <param>
    <backgroundColor>4294914918</backgroundColor>
    <fontSize>14</fontSize>
    <fontFamily>Segoe+UI</fontFamily>
    <guideLines/>
  </param>
</mockup>