﻿<mockup version="5.3" minAllowVersion="5.3" ID="2FAEB5B3-E2C1-41F3-A190-82733C4E24BB" platform="MtMobile" defaultW="375" defaultH="667" measureW="375" measureH="667" screenOrientation="MoPortrait" mobileScreenScale="1.77777779102325" clipArea="(0,0,0,0)">
  <controls controlCount="50">
    <control controlID="8B879D57-DFC5-4799-90BA-9C1CF59B9B0D" controlTypeID="Shape" x="9" y="216" w="356" h="65" zOrder="0">
      <font family="Segoe+UI" displayName="Segoe+UI" postScript="" weightStyle="Normal" weight="400" isBold="False" isItalic="False"/>
      <textSize>14</textSize>
      <selectedIndex>-1</selectedIndex>
    </control>
    <control controlID="0AD6A89F-7AB0-4997-9324-B110254BD1AF" controlTypeID="Label" x="0" y="29" w="332" h="43" zOrder="1">
      <font family="Segoe+UI" displayName="Segoe+UI" postScript="" weightStyle="Normal" weight="400" isBold="False" isItalic="False"/>
      <text>The+Round+Villa+(Bogor)</text>
      <textColor>4294967295</textColor>
      <textSize>32</textSize>
      <textAlign>HaCenter</textAlign>
      <lineSpacing>0</lineSpacing>
      <useDefaultTextSize>False</useDefaultTextSize>
      <selectedIndex>-1</selectedIndex>
    </control>
    <control controlID="7BF9F0F3-404F-4862-A7A7-D0CAF7100F0B" controlTypeID="TextArea" x="160" y="120" w="137" h="31" zOrder="2">
      <font family="Segoe+UI" displayName="Segoe+UI" postScript="" weightStyle="Normal" weight="400" isBold="False" isItalic="False"/>
      <text>+por+noche</text>
      <textColor>4284374622</textColor>
      <textSize>18</textSize>
      <useDefaultTextSize>False</useDefaultTextSize>
      <selectedIndex>-1</selectedIndex>
    </control>
    <control controlID="AF9B9A6B-AE34-4502-8C9A-180088B7CAF4" controlTypeID="Label" x="12" y="111" w="137" h="43" zOrder="3">
      <font family="Segoe+UI" displayName="Segoe+UI_%26_Bold" postScript="" weightStyle="Bold" weight="700" isBold="True" isItalic="False"/>
      <text>$133%2C474</text>
      <textSize>32</textSize>
      <textAlign>HaCenter</textAlign>
      <lineSpacing>0</lineSpacing>
      <textStyles>[fsBold]</textStyles>
      <useDefaultTextSize>False</useDefaultTextSize>
      <selectedIndex>-1</selectedIndex>
    </control>
    <control controlID="64458D98-97DA-4714-80C6-A9F184C98C3C" controlTypeID="TextArea" x="12" y="171" w="240" h="66" zOrder="4">
      <font family="Segoe+UI" displayName="Segoe+UI_%26_Bold" postScript="" weightStyle="Bold" weight="700" isBold="True" isItalic="False"/>
      <text>Fechas</text>
      <textColor>4294967295</textColor>
      <textSize>28</textSize>
      <textStyles>[fsBold]</textStyles>
      <useDefaultTextSize>False</useDefaultTextSize>
      <selectedIndex>-1</selectedIndex>
    </control>
    <control controlID="5AED70B9-CB59-4955-9A70-A4817EF83F55" controlTypeID="TextArea" x="12" y="228" w="118" h="41" zOrder="5">
      <interactiveData>
        <entry title="">
          <area shape="0" alt="" ID="{751D73A1-249D-4843-8CDF-255A71126EC1}" coords="(0,0,118,41)"/>
          <events title="">
            <event eventType="atClick" isChecked="True">
              <behaviour title="" isChecked="True" isWait="False" isLoop="False" execMode="emParallel">
                <target targetID="E8B8E43C-DA7E-4815-8053-0792CF4147B4" isChecked="True" isAutoRecovery="False" isLoop="False" execMode="emSequence">
                  <command name="Popup State Change" isChecked="True" descrition="">
                    <param name="AniInterpolation" value="0" varType="3" description=""/>
                    <param name="AniDuration" value="200" varType="3" description=""/>
                    <param name="AniAutoReverse" value="False" varType="11" description=""/>
                    <param name="AniLoop" value="False" varType="11" description=""/>
                    <param name="AniInterpolationTypeOut" value="False" varType="11" description=""/>
                    <param name="Delay" value="0" varType="3" description=""/>
                    <param name="Value" value="2" varType="3" description=""/>
                    <param name="AniType" value="0" varType="3" description=""/>
                  </command>
                </target>
              </behaviour>
            </event>
          </events>
        </entry>
      </interactiveData>
      <font family="Segoe+UI" displayName="Segoe+UI" postScript="" weightStyle="Normal" weight="400" isBold="False" isItalic="False"/>
      <text>Llegada%0D%0A</text>
      <textColor>4286151033</textColor>
      <textSize>28</textSize>
      <useDefaultTextSize>False</useDefaultTextSize>
      <selectedIndex>-1</selectedIndex>
    </control>
    <control controlID="E66923D9-B40E-44F2-8F7D-690DEAA589E9" controlTypeID="TextArea" x="218" y="228" w="124" h="41" zOrder="6">
      <interactiveData>
        <entry title="">
          <area shape="0" alt="" ID="{A54EF706-3C1A-4759-B8CF-D24E0811C063}" coords="(0,0,124,41)"/>
          <events title="">
            <event eventType="atClick" isChecked="True">
              <behaviour title="" isChecked="True" isWait="False" isLoop="False" execMode="emParallel">
                <target targetID="E8B8E43C-DA7E-4815-8053-0792CF4147B4" isChecked="True" isAutoRecovery="False" isLoop="False" execMode="emSequence">
                  <command name="Popup State Change" isChecked="True" descrition="">
                    <param name="AniInterpolation" value="0" varType="3" description=""/>
                    <param name="AniDuration" value="200" varType="3" description=""/>
                    <param name="AniAutoReverse" value="False" varType="11" description=""/>
                    <param name="AniLoop" value="False" varType="11" description=""/>
                    <param name="AniInterpolationTypeOut" value="False" varType="11" description=""/>
                    <param name="Delay" value="0" varType="3" description=""/>
                    <param name="Value" value="2" varType="3" description=""/>
                    <param name="AniType" value="0" varType="3" description=""/>
                  </command>
                </target>
              </behaviour>
            </event>
          </events>
        </entry>
      </interactiveData>
      <font family="Segoe+UI" displayName="Segoe+UI" postScript="" weightStyle="Normal" weight="400" isBold="False" isItalic="False"/>
      <text>Salida%0D%0A</text>
      <textColor>4286151033</textColor>
      <textSize>28</textSize>
      <useDefaultTextSize>False</useDefaultTextSize>
      <selectedIndex>-1</selectedIndex>
    </control>
    <control controlID="1097ABDB-B441-4DE1-8A41-916F55328AA6" controlTypeID="Icon" x="146" y="228" w="39" h="39" zOrder="7">
      <icon>
        <ID/>
        <iconFontName>jdIonicons</iconFontName>
        <iconCode>62223</iconCode>
      </icon>
      <URL>84E43FD667F4EA128EEFBAD7B03B51F5.svg</URL>
    </control>
    <control controlID="6C4C3802-C19A-4E7B-ADFA-EF66EC9A7332" controlTypeID="TextArea" x="10" y="298" w="240" h="66" zOrder="8">
      <font family="Segoe+UI" displayName="Segoe+UI_%26_Bold" postScript="" weightStyle="Bold" weight="700" isBold="True" isItalic="False"/>
      <text>Hu%C3%A9spedes</text>
      <textColor>4294967295</textColor>
      <textSize>28</textSize>
      <textStyles>[fsBold]</textStyles>
      <selectedIndex>-1</selectedIndex>
    </control>
    <control controlID="C9761639-20FA-4779-A770-987843EE1B5A" controlTypeID="Line" x="4" y="100" w="353" h="1" zOrder="9">
      <font family="Segoe+UI" displayName="Segoe+UI" postScript="" weightStyle="Normal" weight="400" isBold="False" isItalic="False"/>
      <textSize>14</textSize>
      <lineSpacing>0</lineSpacing>
      <selectedIndex>-1</selectedIndex>
      <controlPoint>(177,0)</controlPoint>
      <startPoint>(1,0)</startPoint>
      <endPoint>(353,0)</endPoint>
    </control>
    <control controlID="32ECE69D-32B0-411F-861A-F0EBA2DC3159" controlTypeID="Line" x="12" y="164" w="353" h="1" zOrder="10">
      <font family="Segoe+UI" displayName="Segoe+UI" postScript="" weightStyle="Normal" weight="400" isBold="False" isItalic="False"/>
      <textSize>14</textSize>
      <lineSpacing>0</lineSpacing>
      <selectedIndex>-1</selectedIndex>
      <controlPoint>(177,0)</controlPoint>
      <startPoint>(1,0)</startPoint>
      <endPoint>(353,0)</endPoint>
    </control>
    <control controlID="191982CE-1E09-4C23-8E23-E940E146C2F5" controlTypeID="__group__" x="10" y="343" w="356" h="65" zOrder="11">
      <groupChildrenDescriptors>
        <control controlID="72AEF99A-DAFC-451A-84B6-A118DFAFD5CE" controlTypeID="Shape" x="0" y="0" w="356" h="65" zOrder="0">
          <font family="Segoe+UI" displayName="Segoe+UI" postScript="" weightStyle="Normal" weight="400" isBold="False" isItalic="False"/>
          <textSize>14</textSize>
          <selectedIndex>-1</selectedIndex>
        </control>
        <control controlID="B0E38C1F-56E0-4B9E-A596-FCFE07CB6D1F" controlTypeID="TextArea" x="3" y="12" w="240" h="41" zOrder="1">
          <font family="Segoe+UI" displayName="Segoe+UI" postScript="" weightStyle="Normal" weight="400" isBold="False" isItalic="False"/>
          <text>1+Huesped%0D%0A</text>
          <textColor>4286151033</textColor>
          <textSize>28</textSize>
          <useDefaultTextSize>False</useDefaultTextSize>
          <selectedIndex>-1</selectedIndex>
        </control>
        <control controlID="137B16BC-3DBE-4F2D-9BBD-B84F4AD4A646" controlTypeID="Icon" x="298" y="12" w="39" h="39" zOrder="2">
          <interactiveData>
            <entry title="">
              <area shape="0" alt="" ID="{32E0FF39-82E7-40F7-80A4-E418A1980316}" coords="(0,0,39,39)"/>
              <events title="">
                <event eventType="atClick" isChecked="True">
                  <behaviour title="" isChecked="True" isWait="False" isLoop="False" execMode="emParallel">
                    <target targetID="6849814F-2027-4E85-A17C-FE47A72AF981" isChecked="True" isAutoRecovery="False" isLoop="False" execMode="emSequence">
                      <command name="Popup State Change" isChecked="True" descrition="">
                        <param name="AniInterpolation" value="0" varType="3" description=""/>
                        <param name="AniDuration" value="200" varType="3" description=""/>
                        <param name="AniAutoReverse" value="False" varType="11" description=""/>
                        <param name="AniLoop" value="False" varType="11" description=""/>
                        <param name="AniInterpolationTypeOut" value="False" varType="11" description=""/>
                        <param name="Delay" value="0" varType="3" description=""/>
                        <param name="Value" value="2" varType="3" description=""/>
                        <param name="AniType" value="0" varType="3" description=""/>
                      </command>
                    </target>
                  </behaviour>
                </event>
              </events>
            </entry>
          </interactiveData>
          <icon>
            <ID/>
            <iconFontName>jdIonicons</iconFontName>
            <iconCode>62301</iconCode>
          </icon>
          <URL>F8B7AE3554E89970A191B251BACE6CD0.svg</URL>
        </control>
      </groupChildrenDescriptors>
    </control>
    <control controlID="E2BFB2F2-BA15-4BF9-B5AF-3DE02D636793" controlTypeID="ScrollView" x="11" y="418" w="355" h="145" zOrder="12">
      <color>654311423</color>
      <borderVisible>False</borderVisible>
      <groupChildrenDescriptors>
        <control controlID="C302811A-5CED-4BE5-B959-B76B57D318CC" controlTypeID="ScrollViewContentPanel" x="0" y="0" w="885" h="155" zOrder="0">
          <alias>contentPanel</alias>
          <groupChildrenDescriptors>
            <control controlID="C26C9F9F-4E78-4DEB-9C0F-5DE8AD4FA907" controlTypeID="Label" x="10" y="27" w="169" h="27" zOrder="0">
              <font family="Segoe+UI" displayName="Segoe+UI" postScript="" weightStyle="Normal" weight="400" isBold="False" isItalic="False"/>
              <text>$133%2C474+x+1+noche</text>
              <textSize>20</textSize>
              <lineSpacing>0</lineSpacing>
              <useDefaultTextSize>False</useDefaultTextSize>
              <selectedIndex>-1</selectedIndex>
            </control>
            <control controlID="CE6D1EE8-0CB6-45A0-9D46-18DEE34649BE" controlTypeID="TextArea" x="10" y="54" w="178" h="32" zOrder="1">
              <font family="Segoe+UI" displayName="Segoe+UI" postScript="" weightStyle="Normal" weight="400" isBold="False" isItalic="False"/>
              <text>Tarifa+de+limpieza%0D%0A</text>
              <textSize>20</textSize>
              <useDefaultTextSize>False</useDefaultTextSize>
              <selectedIndex>-1</selectedIndex>
            </control>
            <control controlID="CD1C7AAF-0AC6-4A8F-9DFF-09AF4E0B4973" controlTypeID="TextArea" x="10" y="82" w="229" h="32" zOrder="2">
              <font family="Segoe+UI" displayName="Segoe+UI" postScript="" weightStyle="Normal" weight="400" isBold="False" isItalic="False"/>
              <text>Comisi%C3%B3n+por+servicio</text>
              <textSize>20</textSize>
              <useDefaultTextSize>False</useDefaultTextSize>
              <selectedIndex>-1</selectedIndex>
            </control>
            <control controlID="B4E2A6CA-2129-429B-B851-9366028F37AC" controlTypeID="TextArea" x="239" y="25" w="178" h="32" zOrder="3">
              <font family="Segoe+UI" displayName="Segoe+UI" postScript="" weightStyle="Normal" weight="400" isBold="False" isItalic="False"/>
              <text>$133%2C474</text>
              <textSize>20</textSize>
              <useDefaultTextSize>False</useDefaultTextSize>
              <selectedIndex>-1</selectedIndex>
            </control>
            <control controlID="9239CF85-ED9A-45D9-8479-3484D582EF9E" controlTypeID="TextArea" x="239" y="54" w="178" h="32" zOrder="4">
              <font family="Segoe+UI" displayName="Segoe+UI" postScript="" weightStyle="Normal" weight="400" isBold="False" isItalic="False"/>
              <text>$33%2C369</text>
              <textSize>20</textSize>
              <useDefaultTextSize>False</useDefaultTextSize>
              <selectedIndex>-1</selectedIndex>
            </control>
            <control controlID="BA9A6404-DD7C-4AA4-835E-827D76BC9C0E" controlTypeID="TextArea" x="239" y="82" w="178" h="32" zOrder="5">
              <font family="Segoe+UI" displayName="Segoe+UI" postScript="" weightStyle="Normal" weight="400" isBold="False" isItalic="False"/>
              <text>$21%2C538</text>
              <textSize>20</textSize>
              <useDefaultTextSize>False</useDefaultTextSize>
              <selectedIndex>-1</selectedIndex>
            </control>
            <control controlID="EFD1616F-5CF3-4CEB-A0E9-770C33FCA842" controlTypeID="TextArea" x="239" y="114" w="240" h="32" zOrder="6">
              <font family="Segoe+UI" displayName="Segoe+UI_%26_Bold" postScript="" weightStyle="Bold" weight="700" isBold="True" isItalic="False"/>
              <text>$188%2C381</text>
              <textSize>20</textSize>
              <textStyles>[fsBold]</textStyles>
              <useDefaultTextSize>False</useDefaultTextSize>
              <selectedIndex>-1</selectedIndex>
            </control>
            <control controlID="8820491C-D540-4080-8543-6CB1E45490C3" controlTypeID="TextArea" x="10" y="114" w="178" h="32" zOrder="7">
              <font family="Segoe+UI" displayName="Segoe+UI_%26_Bold" postScript="" weightStyle="Bold" weight="700" isBold="True" isItalic="False"/>
              <text>Total</text>
              <textSize>20</textSize>
              <textStyles>[fsBold]</textStyles>
              <useDefaultTextSize>False</useDefaultTextSize>
              <selectedIndex>-1</selectedIndex>
            </control>
            <control controlID="E457888E-64C8-445D-A626-D97FCFE04A81" controlTypeID="Line" x="11" y="114" w="371" h="1" zOrder="8">
              <font family="Segoe+UI" displayName="Segoe+UI" postScript="" weightStyle="Normal" weight="400" isBold="False" isItalic="False"/>
              <textSize>20</textSize>
              <lineSpacing>0</lineSpacing>
              <useDefaultTextSize>False</useDefaultTextSize>
              <selectedIndex>-1</selectedIndex>
              <controlPoint>(186,0)</controlPoint>
              <startPoint>(0,0)</startPoint>
              <endPoint>(371,0)</endPoint>
            </control>
          </groupChildrenDescriptors>
        </control>
        <control controlID="97273616-AE73-40FD-8BEF-F8D7263D108F" controlTypeID="Border" x="0" y="0" w="355" h="145" zOrder="1">
          <color>4284900966</color>
          <borderColor>4278190080</borderColor>
          <borderVisible>False</borderVisible>
          <alias>borderLayer</alias>
        </control>
      </groupChildrenDescriptors>
    </control>
    <control controlID="CBE219D3-BA85-49B5-A0E8-843F732CCC59" controlTypeID="TextArea" x="74" y="624" w="223" h="66" zOrder="13">
      <font family="Segoe+UI" displayName="Segoe+UI" postScript="" weightStyle="Normal" weight="400" isBold="False" isItalic="False"/>
      <text>No+se+har%C3%A1+ning%C3%BAn+cargo+por+ahora</text>
      <textColor>4283519313</textColor>
      <textAlign>HaCenter</textAlign>
      <selectedIndex>-1</selectedIndex>
    </control>
    <control controlID="7F2FFAF1-5333-42DA-B33D-265FBD491355" controlTypeID="PointyButton" x="28" y="582" w="305" h="42" zOrder="14">
      <borderColor>4294914918</borderColor>
      <font family="Segoe+UI" displayName="Segoe+UI_%26_Bold" postScript="" weightStyle="Bold" weight="700" isBold="True" isItalic="False"/>
      <text>Reservar</text>
      <textColor>4294914918</textColor>
      <textSize>28</textSize>
      <lineSpacing>0</lineSpacing>
      <textStyles>[fsBold]</textStyles>
      <useDefaultTextSize>False</useDefaultTextSize>
      <selectedIndex>-1</selectedIndex>
    </control>
    <control controlID="6849814F-2027-4E85-A17C-FE47A72AF981" controlTypeID="PopupMenu" x="413" y="290" w="46" h="46" zOrder="15">
      <groupChildrenDescriptors>
        <control controlID="BC89497A-D4D3-4C84-BB6A-206410472D33" controlTypeID="Panel" x="0" y="0" w="375" h="667" zOrder="0">
          <locked>True</locked>
          <color>1879048192</color>
          <borderVisible>False</borderVisible>
          <canMove>False</canMove>
          <alias>background</alias>
          <groupChildrenDescriptors>
            <control controlID="923AEC88-BDD2-4A8E-BD15-F3775BDB0A7F" controlTypeID="Border" x="0" y="0" w="375" h="667" zOrder="0">
              <borderVisible>False</borderVisible>
              <alias>borderLayer</alias>
            </control>
          </groupChildrenDescriptors>
          <thinkness>1</thinkness>
        </control>
        <control controlID="0C73C020-CF4F-45DB-B4FD-A1349607611F" controlTypeID="PopupPanelContent" x="10" y="355" w="355" h="251" zOrder="1">
          <borderVisible>True</borderVisible>
          <alias>content</alias>
          <groupChildrenDescriptors>
            <control controlID="108DD916-903C-41C0-BBE9-74F548FB8883" controlTypeID="List" x="0" y="0" w="355" h="251" zOrder="0">
              <caption>Table+View</caption>
              <color>4293980400</color>
              <alias>menu</alias>
              <font family="Segoe+UI" displayName="Segoe+UI+Negrita" postScript="" weightStyle="Negrita" weight="700" isBold="False" isItalic="False"/>
              <text>Adultos+++++++++%2B+++1++++-%0D%0ANi%C3%B1os++++++++++++%2B+++0++++-%0D%0ABeb%C3%A9s++++++++++++%2B+++0++++-%0D%0A</text>
              <textSize>28</textSize>
              <textAlign>HaCenter</textAlign>
              <lineSpacing>0</lineSpacing>
              <useDefaultTextSize>False</useDefaultTextSize>
              <selectedColor>268435455</selectedColor>
              <itemHeight>48</itemHeight>
            </control>
          </groupChildrenDescriptors>
        </control>
      </groupChildrenDescriptors>
    </control>
    <control controlID="E8B8E43C-DA7E-4815-8053-0792CF4147B4" controlTypeID="PopupPanel" x="-115" y="403" w="46" h="46" zOrder="16">
      <groupChildrenDescriptors>
        <control controlID="05D1EBCF-A39C-4327-80AA-EBA1312A6EAF" controlTypeID="Panel" x="0" y="0" w="375" h="667" zOrder="0">
          <locked>True</locked>
          <color>1879048192</color>
          <borderVisible>False</borderVisible>
          <canMove>False</canMove>
          <alias>background</alias>
          <groupChildrenDescriptors>
            <control controlID="D2A1FEDC-FE28-4230-AFCE-F654E49F18B4" controlTypeID="Border" x="0" y="0" w="375" h="667" zOrder="0">
              <borderVisible>False</borderVisible>
              <alias>borderLayer</alias>
            </control>
          </groupChildrenDescriptors>
          <thinkness>1</thinkness>
        </control>
        <control controlID="37677CAB-5BBD-49FE-A9A3-C89F83E7D9D9" controlTypeID="PopupPanelContent" x="33" y="219" w="300" h="306" zOrder="1">
          <color>16777215</color>
          <alias>content</alias>
          <groupChildrenDescriptors>
            <control controlID="0E8377C8-B55C-437C-B083-3120955A8EDF" controlTypeID="Shape" x="0" y="0" w="300" h="306" zOrder="0">
              <font family="Segoe+UI" displayName="Segoe+UI" postScript="" weightStyle="Normal" weight="400" isBold="False" isItalic="False"/>
              <textSize>14</textSize>
              <selectedIndex>-1</selectedIndex>
            </control>
            <control controlID="FCF7D26D-6211-42AF-AA56-DDCA314D66C8" controlTypeID="Calendar" x="3" y="7" w="290" h="290" zOrder="1">
              <links eventType="AtClick" animate="AmNone" animateAutoDelay="0" animateDuration="500">
                <link targetPageID="2FAEB5B3-E2C1-41F3-A190-82733C4E24BB" linkType="ltPageLink" isApplyIncludePage="False" title="Reservar">
                  <area shape="0" alt="" ID="{BEA45123-4821-4478-A45B-F568FC863665}" coords="(0,0,290,290)"/>
                </link>
              </links>
            </control>
          </groupChildrenDescriptors>
        </control>
      </groupChildrenDescriptors>
    </control>
    <control controlID="8893818F-B8B2-4A2C-9663-4DF7980642F5" controlTypeID="AlertWindow" x="-139" y="579" w="46" h="46" zOrder="17">
      <groupChildrenDescriptors>
        <control controlID="43435D27-723D-4DCA-BB18-E53BD36B21B0" controlTypeID="Panel" x="0" y="0" w="375" h="667" zOrder="0">
          <locked>True</locked>
          <color>1879048192</color>
          <borderVisible>False</borderVisible>
          <canMove>False</canMove>
          <alias>background</alias>
          <groupChildrenDescriptors>
            <control controlID="17B45C45-34D3-491A-8F80-36363A4B3B7E" controlTypeID="Border" x="0" y="0" w="375" h="667" zOrder="0">
              <borderVisible>False</borderVisible>
              <alias>borderLayer</alias>
            </control>
          </groupChildrenDescriptors>
          <thinkness>1</thinkness>
        </control>
        <control controlID="CCC01D05-929C-4881-8885-E7F76759C269" controlTypeID="PopupPanelContent" x="62" y="252" w="250" h="162" zOrder="1">
          <color>16777215</color>
          <alias>content</alias>
          <groupChildrenDescriptors>
            <control controlID="749F2EBA-FE6D-4618-9B7A-1D58A4815745" controlTypeID="Alert" x="0" y="0" w="250" h="162" zOrder="0">
              <alias>alert</alias>
              <links eventType="AtClick" animate="AmNone" animateAutoDelay="0" animateDuration="500">
                <link targetPageID="2FAEB5B3-E2C1-41F3-A190-82733C4E24BB" linkType="ltPageLink" isApplyIncludePage="False" title="No">
                  <area shape="0" alt="" ID="{16E9A2D2-026F-4754-9F67-E8CAE56E24C8}" coords="(4.5,126.5,120.5,157.5)"/>
                </link>
                <link targetPageID="" linkType="ltPageLink" isApplyIncludePage="False" title="Si">
                  <area shape="0" alt="" ID="{19B14BE1-A0B4-4ED3-AA20-809BCB675776}" coords="(129.5,126.5,245.5,157.5)"/>
                </link>
              </links>
              <interactiveData>
                <entry title="No">
                  <area shape="0" alt="" ID="{C4B7420A-33C9-4362-85FA-5980FD8C7EE5}" coords="(4.5,126.5,120.5,157.5)"/>
                  <events title=""/>
                </entry>
                <entry title="Si">
                  <area shape="0" alt="" ID="{E569443D-8C1E-47DF-A21F-50EE6566C82B}" coords="(129.5,126.5,245.5,157.5)"/>
                  <events title="">
                    <event eventType="atClick" isChecked="True">
                      <behaviour title="" isChecked="True" isWait="False" isLoop="False" execMode="emParallel">
                        <target targetID="A32656F6-F271-42FE-84BB-0C4CB9B1C51A" isChecked="True" isAutoRecovery="False" isLoop="False" execMode="emSequence">
                          <command name="Popup State Change" isChecked="True" descrition="">
                            <param name="AniInterpolation" value="0" varType="3" description=""/>
                            <param name="AniDuration" value="200" varType="3" description=""/>
                            <param name="AniAutoReverse" value="False" varType="11" description=""/>
                            <param name="AniLoop" value="False" varType="11" description=""/>
                            <param name="AniInterpolationTypeOut" value="False" varType="11" description=""/>
                            <param name="Delay" value="0" varType="3" description=""/>
                            <param name="Value" value="2" varType="3" description=""/>
                            <param name="AniType" value="0" varType="3" description=""/>
                          </command>
                        </target>
                      </behaviour>
                    </event>
                  </events>
                </entry>
              </interactiveData>
              <font family="Segoe+UI" displayName="Segoe+UI" postScript="" weightStyle="Normal" weight="400" isBold="False" isItalic="False"/>
              <text>Reserva%0D%0A%C2%BFConfirma+la+reserva%3F%0D%0ANo%2CSi</text>
              <textSize>14</textSize>
              <lineSpacing>0</lineSpacing>
            </control>
          </groupChildrenDescriptors>
        </control>
      </groupChildrenDescriptors>
    </control>
    <control controlID="A32656F6-F271-42FE-84BB-0C4CB9B1C51A" controlTypeID="AlertWindow" x="-53" y="240" w="46" h="46" zOrder="18">
      <groupChildrenDescriptors>
        <control controlID="7813320E-6DD1-44A8-A97C-E77F6DC1F5C5" controlTypeID="Panel" x="0" y="0" w="375" h="667" zOrder="0">
          <locked>True</locked>
          <color>1879048192</color>
          <borderVisible>False</borderVisible>
          <canMove>False</canMove>
          <alias>background</alias>
          <groupChildrenDescriptors>
            <control controlID="99C5D35C-2663-4531-924D-67720AE31723" controlTypeID="Border" x="0" y="0" w="375" h="667" zOrder="0">
              <borderVisible>False</borderVisible>
              <alias>borderLayer</alias>
            </control>
          </groupChildrenDescriptors>
          <thinkness>1</thinkness>
        </control>
        <control controlID="AF002C2F-749D-477B-B8A8-F71ED6EC16E8" controlTypeID="PopupPanelContent" x="62" y="252" w="250" h="192" zOrder="1">
          <color>16777215</color>
          <alias>content</alias>
          <groupChildrenDescriptors>
            <control controlID="1B55AB79-FDEF-4A40-89BC-1DF21CA48BEF" controlTypeID="Alert" x="0" y="0" w="250" h="192" zOrder="0">
              <alias>alert</alias>
              <links eventType="AtClick" animate="AmNone" animateAutoDelay="0" animateDuration="500">
                <link targetPageID="4A25728C-23A3-45CE-B19F-11BE66CA3488" linkType="ltPageLink" isApplyIncludePage="False" title="Ok">
                  <area shape="0" alt="" ID="{90672FDF-D8DC-46E4-A44E-867B75157D9E}" coords="(4.5,156.5,245.5,187.5)"/>
                </link>
                <link targetPageID="" linkType="ltPageLink" isApplyIncludePage="False" title="">
                  <area shape="0" alt="" ID="{C0A2A990-3973-4707-907D-A6ABB7D9FD37}" coords="(0,0,0,0)"/>
                </link>
              </links>
              <font family="Segoe+UI" displayName="Segoe+UI" postScript="" weightStyle="Normal" weight="400" isBold="False" isItalic="False"/>
              <text>Reserva%0D%0AReserva+exitosa%3A%0D%0A-+1+Huesped%0D%0A-+$133%2C474%0D%0A23%2F08%2F2018+-%3E+26%2F08%2F2018+%0D%0AOk</text>
              <textSize>16</textSize>
              <lineSpacing>0</lineSpacing>
              <useDefaultTextSize>False</useDefaultTextSize>
            </control>
          </groupChildrenDescriptors>
        </control>
      </groupChildrenDescriptors>
    </control>
  </controls>
  <param>
    <backgroundColor>4294914918</backgroundColor>
    <fontSize>14</fontSize>
    <fontFamily>Segoe+UI</fontFamily>
    <guideLines/>
  </param>
</mockup>