﻿<mockup version="5.3" minAllowVersion="5.3" ID="382B8321-8E5C-4F77-A6F2-C5DD186CA38F" platform="MtMobile" defaultW="375" defaultH="667" measureW="375" measureH="667" screenOrientation="MoPortrait" mobileScreenScale="1.77777779102325" clipArea="(0,0,0,0)">
  <controls controlCount="33">
    <control controlID="574F7E5C-EB94-4D79-8C28-0AC961B7E170" controlTypeID="Shape" x="-1" y="618" w="376" h="49" zOrder="0">
      <font family="Segoe+UI" displayName="Segoe+UI" postScript="" weightStyle="Normal" weight="400" isBold="False" isItalic="False"/>
      <textSize>14</textSize>
      <selectedIndex>-1</selectedIndex>
    </control>
    <control controlID="FCC67B4E-DCD7-478B-9223-F993493E4DD0" controlTypeID="ScrollView" x="0" y="-1" w="375" h="618" zOrder="1">
      <color>654311423</color>
      <borderVisible>False</borderVisible>
      <groupChildrenDescriptors>
        <control controlID="74436BF1-A258-4D18-B415-3641693081C0" controlTypeID="ScrollViewContentPanel" x="0" y="0" w="388" h="815" zOrder="0">
          <alias>contentPanel</alias>
          <groupChildrenDescriptors>
            <control controlID="4F2B299B-9EDA-4C03-95B2-4DFF56EE4C03" controlTypeID="ImageCarousel" x="0" y="0" w="375" h="209" zOrder="0">
              <groupChildrenDescriptors>
                <control controlID="714DC6C8-5E3E-4E89-A091-10334DB57E06" controlTypeID="ImageBackground" x="0" y="0" w="375" h="209" zOrder="0">
                  <caption>1dff7cbc-d609-41a5-8719-9e1ced4e8b20</caption>
                  <groupChildrenDescriptors/>
                  <URL>88012E1A2C8241F428ABAC8AA8AFBDED.png</URL>
                </control>
                <control controlID="86308308-24D1-441E-88F3-093F00592C56" controlTypeID="ImageBackground" x="0" y="0" w="375" h="209" zOrder="1">
                  <caption>16f91d95-c3a8-4d6b-8290-8800cf867ff4</caption>
                  <groupChildrenDescriptors/>
                  <URL>610A59C050B82CD11B7BF12B29E90109.png</URL>
                </control>
                <control controlID="8F80AAFA-085B-4693-B0D2-A672E4B590A4" controlTypeID="ImageBackground" x="0" y="0" w="375" h="209" zOrder="2">
                  <caption>39bae67f-5264-49f6-8181-40ef1f13ae22</caption>
                  <groupChildrenDescriptors/>
                  <URL>E32AD7E45252099E5EDCAACC88A163C3.png</URL>
                </control>
                <control controlID="A4AB5D95-2922-49A6-8EC4-4CE42B4F3782" controlTypeID="ImageBackground" x="0" y="0" w="375" h="209" zOrder="3">
                  <caption>055244d4-be53-4749-be96-092dccc40c5a</caption>
                  <groupChildrenDescriptors/>
                  <URL>6A29AA76A42F30B8F7C9D7981383A05B.png</URL>
                </control>
                <control controlID="473F07E3-46DC-401F-BF40-F450AF66FA73" controlTypeID="ImageBackground" x="0" y="0" w="375" h="209" zOrder="4">
                  <caption>ac40e2cc-1108-4c55-98be-c0dc5c316291</caption>
                  <groupChildrenDescriptors/>
                  <URL>713242C3B48D0C6CF18E50C16DA717DE.png</URL>
                </control>
                <control controlID="51EE624C-EB99-4F47-B140-D207E9FDD935" controlTypeID="ImageBackground" x="0" y="0" w="375" h="209" zOrder="5">
                  <caption>e4b800bf-08ff-4329-9596-090917936870</caption>
                  <groupChildrenDescriptors/>
                  <URL>D17252E6884679DD4C7029591E79611D.png</URL>
                </control>
                <control controlID="C0EDEC14-06C4-47AD-B309-13969BBFBF3D" controlTypeID="ImageBackground" x="0" y="0" w="375" h="209" zOrder="6">
                  <caption>f3c9f871-da89-40d3-bd29-a26199662974</caption>
                  <groupChildrenDescriptors/>
                  <URL>E2DEBAC4A61E3CBAD356DF4B61369BEA.png</URL>
                </control>
              </groupChildrenDescriptors>
              <selectedIndex>2</selectedIndex>
              <aniType>spaSlide</aniType>
            </control>
            <control controlID="3BADA0B9-09A2-460A-ABE3-399E577C613A" controlTypeID="TextArea" x="4" y="377" w="365" h="273" zOrder="1">
              <font family="Segoe+UI" displayName="Segoe+UI" postScript="" weightStyle="Normal" weight="400" isBold="False" isItalic="False"/>
              <text>This+warm%2C+contemporary+and+newly+equipped+apartment+is+located+at+the+heart+of+the+Candelaria%2C+the+historical+center+of+Bogota%2C+just+a+few+minutes+walking+distance+from+the+main+museums+and+attractions+of+Bogota+(Gold+Museum%2C+Plaza+de+Bolivar%2C+Botero+Museum+etc.)%0D%0A%0D%0AIt+has+been+completely+renovated+and+offers+great+views+on+the+mountains+surrounding+the+city.%0D%0A%0D%0AThe+building+is+in+a+safe+neighborhood+with+lots+of+restaurants%2C+theatres%2C+artistic+centers+etc.%0D%0A</text>
              <textColor>4294967295</textColor>
              <textSize>16</textSize>
              <textVAlign>VaBottom</textVAlign>
              <useDefaultTextSize>False</useDefaultTextSize>
              <selectedIndex>-1</selectedIndex>
            </control>
            <control controlID="3A151295-AD28-4A7F-9513-77494D185D7E" controlTypeID="__group__" x="10" y="219" w="359" h="158" zOrder="2">
              <links eventType="AtClick" animate="AmNone" animateAutoDelay="0" animateDuration="500">
                <link targetPageID="C2BC9B56-4D77-488D-9F1A-FE42C84723E3" linkType="ltPageLink" isApplyIncludePage="False" title="EL+anfitrion">
                  <area shape="0" alt="" ID="{345AEADA-BFAE-4EF1-B32F-63DE6BD72415}" coords="(0,0,375,667)"/>
                </link>
              </links>
              <groupChildrenDescriptors>
                <control controlID="8B8E55F2-0705-4254-9F06-FA56A0B15330" controlTypeID="Image" x="0" y="0" w="90" h="81" zOrder="0">
                  <clipShapeType>SbEllipse</clipShapeType>
                  <URL>E3B2C1C8BDAF8C08E7BA3797633AD204.jpg</URL>
                </control>
                <control controlID="1B91A9B5-61E8-4268-95E5-F953F55C4053" controlTypeID="__group__" x="107" y="63" w="154" h="24" zOrder="1">
                  <groupChildrenDescriptors>
                    <control controlID="516055FA-86ED-4937-8551-D7124E4B0D5E" controlTypeID="Icon" x="0" y="-1" w="25" h="25" zOrder="0">
                      <color>4294967091</color>
                      <icon>
                        <ID/>
                        <iconFontName>jdIonicons</iconFontName>
                        <iconCode>62204</iconCode>
                      </icon>
                      <URL>7368E932054EB35095B123FCB5C28A31.svg</URL>
                    </control>
                    <control controlID="C982E844-6C49-4D4E-B72C-A3EA12C661C4" controlTypeID="Icon" x="35" y="-1" w="25" h="25" zOrder="1">
                      <color>4294967091</color>
                      <icon>
                        <ID/>
                        <iconFontName>jdIonicons</iconFontName>
                        <iconCode>62204</iconCode>
                      </icon>
                      <URL>7368E932054EB35095B123FCB5C28A31.svg</URL>
                    </control>
                    <control controlID="45165CE2-A8C3-47DA-BBEE-600C745BCF82" controlTypeID="Icon" x="65" y="-1" w="25" h="25" zOrder="2">
                      <color>4294967091</color>
                      <icon>
                        <ID/>
                        <iconFontName>jdIonicons</iconFontName>
                        <iconCode>62204</iconCode>
                      </icon>
                      <URL>7368E932054EB35095B123FCB5C28A31.svg</URL>
                    </control>
                    <control controlID="776D5C97-4E92-4B07-A208-1FB5F51C398D" controlTypeID="Icon" x="94" y="-1" w="25" h="25" zOrder="3">
                      <color>4294967091</color>
                      <icon>
                        <ID/>
                        <iconFontName>jdIonicons</iconFontName>
                        <iconCode>62204</iconCode>
                      </icon>
                      <URL>7368E932054EB35095B123FCB5C28A31.svg</URL>
                    </control>
                    <control controlID="A4394D60-729E-4E4B-8EF1-B89C7081CD13" controlTypeID="Icon" x="129" y="-1" w="25" h="25" zOrder="4">
                      <color>4294967091</color>
                      <icon>
                        <ID/>
                        <iconFontName>jdIonicons</iconFontName>
                        <iconCode>62381</iconCode>
                      </icon>
                      <URL>C487087161B7AFAC4353A4C6F54A65A1.svg</URL>
                    </control>
                  </groupChildrenDescriptors>
                </control>
                <control controlID="A12CA9BC-C100-42D9-A99C-4C742D904071" controlTypeID="Label" x="110" y="0" w="249" h="32" zOrder="2">
                  <font family="Segoe+UI" displayName="Segoe+UI" postScript="" weightStyle="Normal" weight="400" isBold="False" isItalic="False"/>
                  <text>The+Round+Villa+(Bogor)</text>
                  <textColor>4294967295</textColor>
                  <textSize>24</textSize>
                  <textAlign>HaCenter</textAlign>
                  <lineSpacing>0</lineSpacing>
                  <useDefaultTextSize>False</useDefaultTextSize>
                  <selectedIndex>-1</selectedIndex>
                </control>
                <control controlID="DD1C1F26-F958-416D-B591-311A4C713283" controlTypeID="Line" x="3" y="97" w="341" h="1" zOrder="3">
                  <font family="Segoe+UI" displayName="Segoe+UI" postScript="" weightStyle="Normal" weight="400" isBold="False" isItalic="False"/>
                  <textSize>14</textSize>
                  <lineSpacing>0</lineSpacing>
                  <selectedIndex>-1</selectedIndex>
                  <controlPoint>(170,0)</controlPoint>
                  <startPoint>(0,0)</startPoint>
                  <endPoint>(341,0)</endPoint>
                </control>
                <control controlID="CC7B0292-583F-48B4-9FE6-ED553687A930" controlTypeID="TextArea" x="107" y="32" w="247" h="66" zOrder="4">
                  <font family="Segoe+UI" displayName="Segoe+UI+Cursiva" postScript="" weightStyle="Cursiva" weight="400" isBold="False" isItalic="True"/>
                  <text>Benoit+%26+Johanna</text>
                  <textColor>4291611852</textColor>
                  <textSize>20</textSize>
                  <textStyles>[fsItalic]</textStyles>
                  <useDefaultTextSize>False</useDefaultTextSize>
                  <selectedIndex>-1</selectedIndex>
                </control>
                <control controlID="4D750035-044C-4A9D-B43F-5511CC21FDFA" controlTypeID="Icon" x="143" y="99" w="28" h="28" zOrder="5">
                  <color>4278190080</color>
                  <icon>
                    <ID/>
                    <iconFontName>jdFontAwesome</iconFontName>
                    <iconCode>62006</iconCode>
                  </icon>
                  <URL>C88885CBAE6550C7389BC3AA5EE2B5DE.svg</URL>
                </control>
                <control controlID="BB0F1CAE-38DB-4EA2-B05E-7FDD9E31D88F" controlTypeID="Image" x="8" y="125" w="28" h="27" zOrder="6">
                  <URL>951503B0C4368CFA0E903D5CEA6A015B.png</URL>
                </control>
                <control controlID="19EF2D8B-1EF6-447B-868F-DECBB86EEC51" controlTypeID="Image" x="143" y="126" w="28" h="27" zOrder="7">
                  <URL>43BAF16D6FC23098DB0ADEC98A497426.png</URL>
                </control>
                <control controlID="69828133-9131-425D-94E6-B345F4EC9E14" controlTypeID="Image" x="7" y="100" w="28" h="27" zOrder="8">
                  <URL>DF5BEB1F472CB8A14FE07B5BE260D462.png</URL>
                </control>
                <control controlID="EEC35E5B-1704-4944-9D2A-A6F0CC915BCC" controlTypeID="TextArea" x="22" y="99" w="310" h="59" zOrder="9">
                  <font family="Segoe+UI" displayName="Segoe+UI+Negrita" postScript="" weightStyle="Negrita" weight="700" isBold="False" isItalic="False"/>
                  <text>+++++4+hu%C3%A9spedes+++++++++1+dormitorio%0D%0A+++++2+camas++++++++++++++++1+ba%C3%B1o</text>
                  <textColor>4291611852</textColor>
                  <textSize>16</textSize>
                  <lineSpacingMultiple>1.20000004768372</lineSpacingMultiple>
                  <useDefaultTextSize>False</useDefaultTextSize>
                  <selectedIndex>-1</selectedIndex>
                </control>
              </groupChildrenDescriptors>
            </control>
            <control controlID="F7276DCF-DD55-4EC3-A60C-01B18C7F1662" controlTypeID="TableView" x="0" y="660" w="379" h="155" zOrder="3">
              <color>16777215</color>
              <borderVisible>False</borderVisible>
              <opacity>0.899999976158142</opacity>
              <links eventType="AtClick" animate="AmNone" animateAutoDelay="0" animateDuration="500">
                <link targetPageID="76352F63-FBEE-4F9A-951A-464A0E6F8AF6" linkType="ltPageLink" isApplyIncludePage="False" title="Leer+m%C3%A1s+sobre+el+espacio+-%3E">
                  <area shape="0" alt="" ID="{369402D9-4F86-418B-A96F-E1FAC3115443}" coords="(0,0,379,36)"/>
                </link>
                <link targetPageID="66672331-375D-4E4D-812A-83329A789286" linkType="ltPageLink" isApplyIncludePage="False" title="Servicios+-%3E">
                  <area shape="0" alt="" ID="{6C6D3665-D626-4FD0-AC11-9B06051FCABD}" coords="(0,36,379,72)"/>
                </link>
                <link targetPageID="4A499435-2FCA-4ABE-AD8B-BBA1EB7A4F07" linkType="ltPageLink" isApplyIncludePage="False" title="Disponibilidad+-%3E">
                  <area shape="0" alt="" ID="{0CF9975C-4BFB-40B4-AE36-AFE211CC5C0B}" coords="(0,72,379,108)"/>
                </link>
                <link targetPageID="D2850252-546D-4F0F-9E67-613351438C4B" linkType="ltPageLink" isApplyIncludePage="False" title="Evaluaciones+-%3E">
                  <area shape="0" alt="" ID="{B4493731-8543-427B-8CF7-BF964EE54B45}" coords="(0,108,379,144)"/>
                </link>
              </links>
              <font family="Segoe+UI" displayName="Segoe+UI_%26_Bold" postScript="" weightStyle="Bold" weight="700" isBold="True" isItalic="False"/>
              <text>Leer+m%C3%A1s+sobre+el+espacio+-%3E%0D%0AServicios+-%3E%0D%0ADisponibilidad+-%3E%0D%0AEvaluaciones+-%3E</text>
              <textSize>20</textSize>
              <lineSpacing>0</lineSpacing>
              <textStyles>[fsBold]</textStyles>
              <useDefaultTextSize>False</useDefaultTextSize>
              <selectedIndex>-1</selectedIndex>
              <borderStyle>False</borderStyle>
              <iconSize>28</iconSize>
              <separatorColor>1164338790</separatorColor>
            </control>
          </groupChildrenDescriptors>
        </control>
        <control controlID="87E8454A-0924-42D3-A91F-B2D59652D7E3" controlTypeID="Border" x="0" y="0" w="375" h="618" zOrder="1">
          <color>4284900966</color>
          <borderColor>4278190080</borderColor>
          <borderVisible>False</borderVisible>
          <alias>borderLayer</alias>
        </control>
      </groupChildrenDescriptors>
    </control>
    <control controlID="C775CE95-8D5E-4876-B5CC-A6CAD8EECD83" controlTypeID="TextArea" x="128" y="635" w="118" h="20" zOrder="2">
      <font family="Segoe+UI" displayName="Segoe+UI" postScript="" weightStyle="Normal" weight="400" isBold="False" isItalic="False"/>
      <text>+por+noche</text>
      <textColor>4284374622</textColor>
      <textSize>12</textSize>
      <useDefaultTextSize>False</useDefaultTextSize>
      <selectedIndex>-1</selectedIndex>
    </control>
    <control controlID="39E92DA8-D4B2-4393-89D4-EF74A3059EC2" controlTypeID="Button" x="246" y="624" w="110" h="37" zOrder="3">
      <color>4294914918</color>
      <borderVisible>False</borderVisible>
      <links eventType="AtClick" animate="AmNone" animateAutoDelay="0" animateDuration="500">
        <link targetPageID="2FAEB5B3-E2C1-41F3-A190-82733C4E24BB" linkType="ltPageLink" isApplyIncludePage="False" title="Reservar">
          <area shape="0" alt="" ID="{59B69B6E-138D-44E9-8AC3-994181CABCDF}" coords="(0,0,110,37)"/>
        </link>
      </links>
      <font family="Segoe+UI" displayName="Segoe+UI" postScript="" weightStyle="Normal" weight="400" isBold="False" isItalic="False"/>
      <text>Reservar</text>
      <textColor>4294967295</textColor>
      <textSize>20</textSize>
      <lineSpacing>0</lineSpacing>
      <useDefaultTextSize>False</useDefaultTextSize>
      <selectedIndex>-1</selectedIndex>
      <radius>12</radius>
      <radiusIsPercent>True</radiusIsPercent>
      <thickness>4</thickness>
    </control>
    <control controlID="A17585D2-ED8A-4CBB-BEC7-30E466E4015B" controlTypeID="Label" x="8" y="617" w="120" h="38" zOrder="4">
      <font family="Segoe+UI" displayName="Segoe+UI_%26_Bold" postScript="" weightStyle="Bold" weight="700" isBold="True" isItalic="False"/>
      <text>$133%2C474</text>
      <textSize>28</textSize>
      <textAlign>HaCenter</textAlign>
      <lineSpacing>0</lineSpacing>
      <textStyles>[fsBold]</textStyles>
      <useDefaultTextSize>False</useDefaultTextSize>
      <selectedIndex>-1</selectedIndex>
    </control>
  </controls>
  <param>
    <backgroundColor>4294914918</backgroundColor>
    <fontSize>14</fontSize>
    <fontFamily>Segoe+UI</fontFamily>
    <guideLines/>
  </param>
</mockup>