﻿<mockup version="5.3" minAllowVersion="5.3" ID="4A25728C-23A3-45CE-B19F-11BE66CA3488" platform="MtMobile" defaultW="375" defaultH="667" measureW="375" measureH="667" screenOrientation="MoPortrait" mobileScreenScale="1.77777779102325" clipArea="(0,0,0,0)">
  <controls controlCount="18">
    <control controlID="D0EA785C-49DE-407F-9207-1216A1227DE9" controlTypeID="Image" x="-1" y="-39" w="382" h="322" zOrder="0">
      <URL>84C108F2F94618B81EB457895C342A32.png</URL>
    </control>
    <control controlID="DF36D47E-BA9F-4F43-B7C8-CD86843F6F3C" controlTypeID="Button" x="20" y="318" w="345" h="48" zOrder="1">
      <links eventType="AtClick" animate="AmNone" animateAutoDelay="0" animateDuration="500">
        <link targetPageID="12A7678B-F061-494E-948E-D0AD08EC0D16" linkType="ltPageLink" isApplyIncludePage="False" title="Vista+mapa">
          <area shape="0" alt="" ID="{F43502CF-A397-4848-9A27-8FA94187476C}" coords="(0,0,345,48)"/>
        </link>
      </links>
      <interactiveData>
        <entry title="">
          <area shape="0" alt="" ID="{7958829E-369A-420F-AA80-596B357DF1CA}" coords="(0,0,345,48)"/>
          <events title="">
            <event eventType="atClick" isChecked="True">
              <behaviour title="" isChecked="True" isWait="False" isLoop="False" execMode="emParallel">
                <target targetID="FC11D388-6F11-4647-B14B-774F2752AC1C" isChecked="True" isAutoRecovery="False" isLoop="False" execMode="emSequence">
                  <command name="Popup State Change" isChecked="True" descrition="">
                    <param name="AniInterpolation" value="0" varType="3" description=""/>
                    <param name="AniDuration" value="200" varType="3" description=""/>
                    <param name="AniAutoReverse" value="False" varType="11" description=""/>
                    <param name="AniLoop" value="False" varType="11" description=""/>
                    <param name="AniInterpolationTypeOut" value="False" varType="11" description=""/>
                    <param name="Delay" value="0" varType="3" description=""/>
                    <param name="Value" value="2" varType="3" description=""/>
                    <param name="AniType" value="0" varType="3" description=""/>
                  </command>
                </target>
              </behaviour>
            </event>
          </events>
        </entry>
      </interactiveData>
      <font family="Segoe+UI" displayName="Segoe+UI" postScript="" weightStyle="Normal" weight="400" isBold="False" isItalic="False"/>
      <text>CONSULTAR+ALOJAMIENTOS</text>
      <textColor>4294914918</textColor>
      <lineSpacing>0</lineSpacing>
      <selectedIndex>-1</selectedIndex>
    </control>
    <control controlID="5F001578-E98B-4032-83AF-EB711BE1E3BF" controlTypeID="Button" x="20" y="511" w="345" h="48" zOrder="2">
      <links eventType="AtClick" animate="AmNone" animateAutoDelay="0" animateDuration="500">
        <link targetPageID="CF26A424-4213-4ABB-AAA1-6C8234FC2E67" linkType="ltPageLink" isApplyIncludePage="False" title="Consultar+historico+de+reservas">
          <area shape="0" alt="" ID="{F43502CF-A397-4848-9A27-8FA94187476C}" coords="(0,0,345,48)"/>
        </link>
      </links>
      <font family="Segoe+UI" displayName="Segoe+UI" postScript="" weightStyle="Normal" weight="400" isBold="False" isItalic="False"/>
      <text>HISTORIAL</text>
      <textColor>4294914918</textColor>
      <lineSpacing>0</lineSpacing>
      <selectedIndex>-1</selectedIndex>
    </control>
    <control controlID="02952E66-FE1E-48FF-B9DC-CA8778742803" controlTypeID="Button" x="20" y="446" w="345" h="48" zOrder="3">
      <links eventType="AtClick" animate="AmNone" animateAutoDelay="0" animateDuration="500">
        <link targetPageID="D81B46C2-E051-40D7-A4E6-4E378AFCF37F" linkType="ltPageLink" isApplyIncludePage="False" title="Agregar+Alojamiento">
          <area shape="0" alt="" ID="{F43502CF-A397-4848-9A27-8FA94187476C}" coords="(0,0,345,48)"/>
        </link>
      </links>
      <font family="Segoe+UI" displayName="Segoe+UI" postScript="" weightStyle="Normal" weight="400" isBold="False" isItalic="False"/>
      <text>CALIFICAR</text>
      <textColor>4294914918</textColor>
      <lineSpacing>0</lineSpacing>
      <selectedIndex>-1</selectedIndex>
    </control>
    <control controlID="CDDB0D1D-4722-45F0-A004-325D76783913" controlTypeID="Button" x="20" y="610" w="345" h="37" zOrder="4">
      <links eventType="AtClick" animate="AmNone" animateAutoDelay="0" animateDuration="500">
        <link targetPageID="FF4BBB6F-3DA3-46CF-953C-524927FDD622" linkType="ltPageLink" isApplyIncludePage="False" title="Home">
          <area shape="0" alt="" ID="{F43502CF-A397-4848-9A27-8FA94187476C}" coords="(0,0,345,37)"/>
        </link>
      </links>
      <font family="Segoe+UI" displayName="Segoe+UI" postScript="" weightStyle="Normal" weight="400" isBold="False" isItalic="False"/>
      <text>CERRAR+SESION</text>
      <textColor>4294914918</textColor>
      <lineSpacing>0</lineSpacing>
      <selectedIndex>-1</selectedIndex>
    </control>
    <control controlID="99BF1113-DF05-4A66-ADCA-58C6DC747D2B" controlTypeID="Icon" x="108" y="32" w="161" h="161" zOrder="5">
      <color>4278190080</color>
      <icon>
        <ID/>
        <iconFontName>jdiconfontB</iconFontName>
        <iconCode>59648</iconCode>
      </icon>
      <URL>42CF9E031360EBC09387427849BF6328.svg</URL>
    </control>
    <control controlID="37965001-B772-4E8F-AE57-236899418768" controlTypeID="Button" x="20" y="382" w="345" h="48" zOrder="6">
      <links eventType="AtClick" animate="AmNone" animateAutoDelay="0" animateDuration="500">
        <link targetPageID="12A7678B-F061-494E-948E-D0AD08EC0D16" linkType="ltPageLink" isApplyIncludePage="False" title="Vista+mapa">
          <area shape="0" alt="" ID="{F43502CF-A397-4848-9A27-8FA94187476C}" coords="(0,0,345,48)"/>
        </link>
      </links>
      <font family="Segoe+UI" displayName="Segoe+UI" postScript="" weightStyle="Normal" weight="400" isBold="False" isItalic="False"/>
      <text>CONSULTAR+LUGARES+TURISTICOS</text>
      <textColor>4294914918</textColor>
      <lineSpacing>0</lineSpacing>
      <selectedIndex>-1</selectedIndex>
    </control>
    <control controlID="17EDF426-BC2E-4D10-8626-49F2274F859B" controlTypeID="Icon" x="314" y="-14" w="51" h="51" zOrder="7">
      <links eventType="AtClick" animate="AmNone" animateAutoDelay="0" animateDuration="500">
        <link targetPageID="2AE00A74-472E-4368-B3CF-336C46FAA9A3" linkType="ltPageLink" isApplyIncludePage="False" title="Editar">
          <area shape="0" alt="" ID="{C8BD009E-1AAB-4A62-A582-2960D25F6C2B}" coords="(0,0,51,51)"/>
        </link>
      </links>
      <icon>
        <ID/>
        <iconFontName>jdIonicons</iconFontName>
        <iconCode>62334</iconCode>
      </icon>
      <URL>69A4D1E5CE13432C6A4F579026917C6A.svg</URL>
    </control>
    <control controlID="052A9547-5925-42C0-86A8-DCE1F14710D5" controlTypeID="Icon" x="109" y="203" w="24" h="24" zOrder="8">
      <color>4278190080</color>
      <icon>
        <ID/>
        <iconFontName>jdIonicons</iconFontName>
        <iconCode>62204</iconCode>
      </icon>
      <URL>7368E932054EB35095B123FCB5C28A31.svg</URL>
    </control>
    <control controlID="1FF9B360-F829-431D-812E-C2169BA2C860" controlTypeID="Icon" x="143" y="203" w="24" h="24" zOrder="9">
      <color>4278190080</color>
      <icon>
        <ID/>
        <iconFontName>jdIonicons</iconFontName>
        <iconCode>62204</iconCode>
      </icon>
      <URL>7368E932054EB35095B123FCB5C28A31.svg</URL>
    </control>
    <control controlID="CBA72192-A507-4639-BD1E-6A85A5EBE8EB" controlTypeID="Icon" x="177" y="203" w="24" h="24" zOrder="10">
      <color>4278190080</color>
      <icon>
        <ID/>
        <iconFontName>jdIonicons</iconFontName>
        <iconCode>62204</iconCode>
      </icon>
      <URL>7368E932054EB35095B123FCB5C28A31.svg</URL>
    </control>
    <control controlID="07801700-2A6F-4672-A4ED-2142B42D405E" controlTypeID="Icon" x="211" y="203" w="24" h="24" zOrder="11">
      <color>4278190080</color>
      <icon>
        <ID/>
        <iconFontName>jdIonicons</iconFontName>
        <iconCode>62204</iconCode>
      </icon>
      <URL>7368E932054EB35095B123FCB5C28A31.svg</URL>
    </control>
    <control controlID="1C342196-8FDF-43CE-B0B1-FA8A8CD4915B" controlTypeID="Icon" x="245" y="203" w="24" h="24" zOrder="12">
      <color>4278190080</color>
      <icon>
        <ID/>
        <iconFontName>jdIonicons</iconFontName>
        <iconCode>62381</iconCode>
      </icon>
      <URL>C487087161B7AFAC4353A4C6F54A65A1.svg</URL>
    </control>
    <control controlID="FC11D388-6F11-4647-B14B-774F2752AC1C" controlTypeID="PopupPanel" x="-186" y="268" w="46" h="46" zOrder="13">
      <groupChildrenDescriptors>
        <control controlID="9CC10146-CE5E-4869-8E75-48256739839F" controlTypeID="Panel" x="0" y="0" w="375" h="667" zOrder="0">
          <locked>True</locked>
          <color>1879048192</color>
          <borderVisible>False</borderVisible>
          <canMove>False</canMove>
          <alias>background</alias>
          <groupChildrenDescriptors>
            <control controlID="161BCB73-1913-4044-9C6E-CF1E129D9ECB" controlTypeID="Border" x="0" y="0" w="375" h="667" zOrder="0">
              <borderVisible>False</borderVisible>
              <alias>borderLayer</alias>
            </control>
          </groupChildrenDescriptors>
          <thinkness>1</thinkness>
        </control>
        <control controlID="5E2FB6A5-05CE-42BB-87FB-CD53C63D81AE" controlTypeID="PopupPanelContent" x="27" y="306" w="322" h="56" zOrder="1">
          <color>16777215</color>
          <alias>content</alias>
          <groupChildrenDescriptors>
            <control controlID="B4E2F826-0EC8-4D5F-AD56-ADF16DF5FCEC" controlTypeID="Search" x="0" y="0" w="322" h="56" zOrder="0">
              <links eventType="AtClick" animate="AmNone" animateAutoDelay="0" animateDuration="500">
                <link targetPageID="12A7678B-F061-494E-948E-D0AD08EC0D16" linkType="ltPageLink" isApplyIncludePage="False" title="Vista+mapa">
                  <area shape="0" alt="" ID="{46BE1AFF-8B93-469F-828B-2F55F8BB79AB}" coords="(0,0,322,56)"/>
                </link>
              </links>
              <font family="Segoe+UI" displayName="Segoe+UI" postScript="" weightStyle="Normal" weight="400" isBold="False" isItalic="False"/>
              <text>Nombre%2C+ciudad%2C+pais+</text>
              <textSize>14</textSize>
              <textVAlign>VaTop</textVAlign>
              <lineSpacing>0</lineSpacing>
            </control>
          </groupChildrenDescriptors>
        </control>
      </groupChildrenDescriptors>
    </control>
  </controls>
  <param>
    <backgroundColor>4294914918</backgroundColor>
    <fontSize>14</fontSize>
    <fontFamily>Segoe+UI</fontFamily>
    <guideLines/>
  </param>
</mockup>