﻿<mockup version="5.3" minAllowVersion="5.3" ID="51BB6B74-A3EC-4FA3-9BEB-3E0DE39AE3B7" platform="MtMobile" defaultW="375" defaultH="667" measureW="375" measureH="667" screenOrientation="MoPortrait" mobileScreenScale="1.77777779102325" clipArea="(0,0,0,0)">
  <controls controlCount="13">
    <control controlID="10C94926-431E-472B-B675-4AC768667862" controlTypeID="TextArea" x="10" y="18" w="321" h="49" zOrder="0">
      <font family="Segoe+UI" displayName="Segoe+UI_%26_Bold" postScript="" weightStyle="Bold" weight="700" isBold="True" isItalic="False"/>
      <text>RESERVA+1</text>
      <textColor>4294967295</textColor>
      <textSize>32</textSize>
      <textStyles>[fsBold]</textStyles>
      <useDefaultTextSize>False</useDefaultTextSize>
      <selectedIndex>-1</selectedIndex>
    </control>
    <control controlID="F0560C6A-815A-4D8C-A4F8-FCF74CF38847" controlTypeID="TextArea" x="20" y="94" w="236" h="36" zOrder="1">
      <font family="Segoe+UI" displayName="Segoe+UI_%26_Bold" postScript="" weightStyle="Bold" weight="700" isBold="True" isItalic="False"/>
      <text>Alojamiento+1</text>
      <textColor>4294967295</textColor>
      <textSize>18</textSize>
      <textStyles>[fsBold]</textStyles>
      <useDefaultTextSize>False</useDefaultTextSize>
      <selectedIndex>-1</selectedIndex>
    </control>
    <control controlID="553E2511-E79D-4DD9-A52C-BF684BEE92F9" controlTypeID="TextArea" x="20" y="140" w="345" h="40" zOrder="2">
      <font family="Segoe+UI" displayName="Segoe+UI_%26_Bold" postScript="" weightStyle="Bold" weight="700" isBold="True" isItalic="False"/>
      <text>Desde%3A+23-09-18+-+Hasta%3A+18-10-18</text>
      <textColor>4294967295</textColor>
      <textSize>18</textSize>
      <textStyles>[fsBold]</textStyles>
      <useDefaultTextSize>False</useDefaultTextSize>
      <selectedIndex>-1</selectedIndex>
    </control>
    <control controlID="B3C75B3B-8049-406F-91DA-B1F7D93ECF21" controlTypeID="TextArea" x="20" y="236" w="345" h="42" zOrder="3">
      <font family="Segoe+UI" displayName="Segoe+UI" postScript="" weightStyle="Normal" weight="400" isBold="False" isItalic="False"/>
      <text>Descripci%C3%B3n+del+lugar+de+alojamiento+1</text>
      <textColor>4294967295</textColor>
      <textSize>18</textSize>
      <useDefaultTextSize>False</useDefaultTextSize>
      <selectedIndex>-1</selectedIndex>
    </control>
    <control controlID="61DB441E-5977-49ED-8DDF-15DA09DC065F" controlTypeID="Map" x="0" y="278" w="375" h="251" zOrder="4"/>
    <control controlID="7FDA4474-A1C3-4F5F-85F1-07700B8FFA67" controlTypeID="TextArea" x="20" y="190" w="191" h="36" zOrder="5">
      <font family="Segoe+UI" displayName="Segoe+UI_%26_Bold" postScript="" weightStyle="Bold" weight="700" isBold="True" isItalic="False"/>
      <text>Puntuacion%3A</text>
      <textColor>4294967295</textColor>
      <textSize>18</textSize>
      <textStyles>[fsBold]</textStyles>
      <useDefaultTextSize>False</useDefaultTextSize>
      <selectedIndex>-1</selectedIndex>
    </control>
    <control controlID="532B14D8-8A5C-49B4-83FA-FB6606732598" controlTypeID="Icon" x="139" y="192" w="24" h="24" zOrder="6">
      <color>4294967040</color>
      <icon>
        <ID/>
        <iconFontName>jdIonicons</iconFontName>
        <iconCode>62204</iconCode>
      </icon>
      <URL>7368E932054EB35095B123FCB5C28A31.svg</URL>
    </control>
    <control controlID="0A4AC545-2301-4046-AEB1-3CA3AFC0D00C" controlTypeID="Icon" x="173" y="192" w="24" h="24" zOrder="7">
      <color>4294967040</color>
      <icon>
        <ID/>
        <iconFontName>jdIonicons</iconFontName>
        <iconCode>62204</iconCode>
      </icon>
      <URL>7368E932054EB35095B123FCB5C28A31.svg</URL>
    </control>
    <control controlID="D077BF4B-1D34-4A30-89C2-F15750512F11" controlTypeID="Icon" x="207" y="192" w="24" h="24" zOrder="8">
      <color>4294967040</color>
      <icon>
        <ID/>
        <iconFontName>jdIonicons</iconFontName>
        <iconCode>62204</iconCode>
      </icon>
      <URL>7368E932054EB35095B123FCB5C28A31.svg</URL>
    </control>
    <control controlID="36ECE0AD-1E0E-4383-B22D-EF1142231366" controlTypeID="Icon" x="241" y="192" w="24" h="24" zOrder="9">
      <color>4294967040</color>
      <icon>
        <ID/>
        <iconFontName>jdIonicons</iconFontName>
        <iconCode>62204</iconCode>
      </icon>
      <URL>7368E932054EB35095B123FCB5C28A31.svg</URL>
    </control>
    <control controlID="BBEA06C3-75E0-4141-8460-E55980013547" controlTypeID="Icon" x="275" y="192" w="24" h="24" zOrder="10">
      <color>4294967040</color>
      <icon>
        <ID/>
        <iconFontName>jdIonicons</iconFontName>
        <iconCode>62381</iconCode>
      </icon>
      <URL>C487087161B7AFAC4353A4C6F54A65A1.svg</URL>
    </control>
    <control controlID="1D32D405-2B6A-413A-B5E7-9BFEEDAD9E58" controlTypeID="Icon" x="134" y="570" w="91" h="91" zOrder="11">
      <color>4294967295</color>
      <icon>
        <ID/>
        <iconFontName>jdIonicons</iconFontName>
        <iconCode>62594</iconCode>
      </icon>
      <URL>22A1F7B7E7140DF163EEA0976AF32963.svg</URL>
    </control>
    <control controlID="95CD94A9-6819-4CA7-82DF-36364972366E" controlTypeID="TextArea" x="146" y="539" w="67" h="36" zOrder="12">
      <font family="Segoe+UI" displayName="Segoe+UI_%26_Bold" postScript="" weightStyle="Bold" weight="700" isBold="True" isItalic="False"/>
      <text>Galeria</text>
      <textColor>4294967295</textColor>
      <textSize>18</textSize>
      <textStyles>[fsBold]</textStyles>
      <useDefaultTextSize>False</useDefaultTextSize>
      <selectedIndex>-1</selectedIndex>
    </control>
  </controls>
  <param>
    <backgroundColor>4294914918</backgroundColor>
    <fontSize>14</fontSize>
    <fontFamily>Segoe+UI</fontFamily>
    <guideLines/>
  </param>
</mockup>