﻿<mockup version="5.3" minAllowVersion="5.3" ID="76352F63-FBEE-4F9A-951A-464A0E6F8AF6" platform="MtMobile" defaultW="375" defaultH="667" measureW="375" measureH="667" screenOrientation="MoPortrait" mobileScreenScale="1.77777779102325" clipArea="(0,0,0,0)">
  <controls controlCount="10">
    <control controlID="579C890F-5747-4FDC-91E5-4E37AD178922" controlTypeID="Image" x="0" y="0" w="375" h="88" zOrder="0">
      <opacity>0.300000011920929</opacity>
      <URL>1414D2E24C310E0B7AADAD41D1B89105.png</URL>
    </control>
    <control controlID="BBC2490D-E5D1-4626-AEA9-4C4512E175F1" controlTypeID="ScrollView" x="0" y="48" w="376" h="619" zOrder="1">
      <borderVisible>False</borderVisible>
      <groupChildrenDescriptors>
        <control controlID="DF1CBC9E-EB5F-4A5D-B069-7493A321B2B3" controlTypeID="ScrollViewContentPanel" x="0" y="0" w="376" h="665" zOrder="0">
          <alias>contentPanel</alias>
          <groupChildrenDescriptors>
            <control controlID="12AA6C88-169C-40F7-9793-CE8FFE0A8714" controlTypeID="TextArea" x="10" y="0" w="240" h="66" zOrder="0">
              <font family="Segoe+UI" displayName="Segoe+UI+Negrita" postScript="" weightStyle="Negrita" weight="700" isBold="False" isItalic="False"/>
              <text>El+lugar</text>
              <textSize>20</textSize>
              <useDefaultTextSize>False</useDefaultTextSize>
              <selectedIndex>-1</selectedIndex>
            </control>
            <control controlID="B59C5F42-9EB5-4B42-83BF-441BABBA6F47" controlTypeID="TextArea" x="6" y="33" w="365" h="383" zOrder="1">
              <font family="Segoe+UI" displayName="Segoe+UI" postScript="" weightStyle="Normal" weight="400" isBold="False" isItalic="False"/>
              <text>The+apartment+is+fully+equipped+and+includes%3A%0D%0A_A+fireplace+to+keep+you+warm+during+chilly+evenings+(Bogota+can+be+cold+!)%0D%0A_A+fully+equipped+kitchen+including+a+hoven+and+a+microwave.%0D%0A_A+washing+machine+and+a+dryer.%0D%0A_A+safety+deposit+box.%0D%0A_High+speed+Wifi.%0D%0A_Towels%2C+linen%2C+soap+etc.%0D%0A_A+hairdryer%0D%0A%0D%0AWe+can+welcome+up+to+four+guests%3A+there+is+one+bedroom+with+a+queen-size+bed+and+a+sofa+bed+which+is+very+comfortable+for+two+adults.%0D%0A%0D%0AA+convenient+small+supermarket+(open+24%2F7)+with+an+ATM+machine+is+located+at+20+meters+from+the+building.%0D%0A%0D%0AThe+public+transportation+(Transmilenio)+is+located+at+8+minutes+walking.</text>
              <textColor>4282598211</textColor>
              <selectedIndex>-1</selectedIndex>
            </control>
            <control controlID="5E28FACC-D811-43E0-81C2-6A8594AEDE5D" controlTypeID="TextArea" x="7" y="427" w="305" h="66" zOrder="2">
              <font family="Segoe+UI" displayName="Segoe+UI+Negrita" postScript="" weightStyle="Negrita" weight="700" isBold="False" isItalic="False"/>
              <text>Disponible+para+hu%C3%A9spedes</text>
              <textSize>20</textSize>
              <useDefaultTextSize>False</useDefaultTextSize>
              <selectedIndex>-1</selectedIndex>
            </control>
            <control controlID="61A1F610-737D-4013-AC25-1AF41AF584BC" controlTypeID="TextArea" x="7" y="498" w="305" h="66" zOrder="3">
              <font family="Segoe+UI" displayName="Segoe+UI+Negrita" postScript="" weightStyle="Negrita" weight="700" isBold="False" isItalic="False"/>
              <text>Atenci%C3%B3n+a+los+hu%C3%A9spedes</text>
              <textSize>20</textSize>
              <useDefaultTextSize>False</useDefaultTextSize>
              <selectedIndex>-1</selectedIndex>
            </control>
            <control controlID="29D64822-7340-46BB-8622-3EFA877E2DF2" controlTypeID="TextArea" x="7" y="452" w="365" h="140" zOrder="4">
              <font family="Segoe+UI" displayName="Segoe+UI" postScript="" weightStyle="Normal" weight="400" isBold="False" isItalic="False"/>
              <text>The+guests+can+access+the+whole+apartment+without+any+restriction.%0D%0A%0D%0A%0D%0AWe+will+be+available+to+help+you+if+you+have+any+questions+regarding+the+apartment%2C+Bogota+or+Colombia+!</text>
              <textColor>4282598211</textColor>
              <selectedIndex>-1</selectedIndex>
            </control>
          </groupChildrenDescriptors>
        </control>
        <control controlID="0BC1322D-54ED-4C23-94FB-E5DB1CB4A1EC" controlTypeID="Border" x="0" y="0" w="376" h="619" zOrder="1">
          <color>4284900966</color>
          <borderColor>4278190080</borderColor>
          <borderVisible>False</borderVisible>
          <alias>borderLayer</alias>
        </control>
      </groupChildrenDescriptors>
    </control>
    <control controlID="F6531654-528C-4CA2-8F2A-8DD6CF93A14D" controlTypeID="Label" x="0" y="5" w="332" h="43" zOrder="2">
      <font family="Segoe+UI" displayName="Segoe+UI" postScript="" weightStyle="Normal" weight="400" isBold="False" isItalic="False"/>
      <text>The+Round+Villa+(Bogor)</text>
      <textColor>4294967295</textColor>
      <textSize>32</textSize>
      <textAlign>HaCenter</textAlign>
      <lineSpacing>0</lineSpacing>
      <useDefaultTextSize>False</useDefaultTextSize>
      <selectedIndex>-1</selectedIndex>
    </control>
  </controls>
  <param>
    <backgroundColor>4294914918</backgroundColor>
    <fontSize>14</fontSize>
    <fontFamily>Segoe+UI</fontFamily>
    <guideLines/>
  </param>
</mockup>