﻿<mockup version="5.3" minAllowVersion="5.3" ID="78CC37F3-480C-42CD-A995-6D511235713E" platform="MtMobile" defaultW="375" defaultH="667" measureW="375" measureH="667" screenOrientation="MoPortrait" mobileScreenScale="1.77777779102325" clipArea="(0,0,0,0)">
  <controls controlCount="14">
    <control controlID="5CDEC5D4-A80C-43FC-B28D-7116C783D94C" controlTypeID="Image" x="-26" y="-64" w="422" h="262" zOrder="0">
      <opacity>0.300000011920929</opacity>
      <URL>CF3D6C81873FD2E472CF3522D4A5B674.jpg</URL>
    </control>
    <control controlID="6BB04A7F-93D7-400E-B4D8-47802CEFDC1C" controlTypeID="TextArea" x="10" y="18" w="321" h="128" zOrder="1">
      <font family="Segoe+UI" displayName="Segoe+UI_%26_Bold" postScript="" weightStyle="Bold" weight="700" isBold="True" isItalic="False"/>
      <text>ELIMINAR+ALOJAMIENTO</text>
      <textColor>4294967295</textColor>
      <textSize>32</textSize>
      <textStyles>[fsBold]</textStyles>
      <useDefaultTextSize>False</useDefaultTextSize>
      <selectedIndex>-1</selectedIndex>
    </control>
    <control controlID="148CBB5B-F00C-40ED-950B-1FFB44005FD2" controlTypeID="TableView" x="15" y="181" w="340" h="367" zOrder="2">
      <font family="Segoe+UI" displayName="Segoe+UI" postScript="" weightStyle="Normal" weight="400" isBold="False" isItalic="False"/>
      <text>Alojamiento1+-%3E%0D%0AAlojamiento2+-%3E%0D%0AAlojamiento3+-%3E%0D%0AAlojamiento4+-%3E%0D%0AAlojamiento5+-%3E%0D%0AAlojamiento6+-%3E%0D%0AAlojamiento7+-%3E%0D%0AAlojamiento8+-%3E%0D%0AAlojamiento9+-%3E%0D%0AAlojamiento10+-%3E</text>
      <textSize>20</textSize>
      <lineSpacing>0</lineSpacing>
      <useDefaultTextSize>False</useDefaultTextSize>
    </control>
    <control controlID="A0B700DF-25CF-4C84-86F6-3EA0E3450A37" controlTypeID="PointyButton" x="15" y="597" w="340" h="42" zOrder="3">
      <borderColor>4294914918</borderColor>
      <interactiveData>
        <entry title="">
          <area shape="0" alt="" ID="{656E6BCF-4FBF-4C84-8C29-5731EA43519C}" coords="(0,0,340,42)"/>
          <events title="">
            <event eventType="atClick" isChecked="True">
              <behaviour title="" isChecked="True" isWait="False" isLoop="False" execMode="emParallel">
                <target targetID="CC03D44D-D5A3-4F8D-8B68-2A6F7D22F1FB" isChecked="True" isAutoRecovery="False" isLoop="False" execMode="emSequence">
                  <command name="Popup State Change" isChecked="True" descrition="">
                    <param name="AniInterpolation" value="0" varType="3" description=""/>
                    <param name="AniDuration" value="200" varType="3" description=""/>
                    <param name="AniAutoReverse" value="False" varType="11" description=""/>
                    <param name="AniLoop" value="False" varType="11" description=""/>
                    <param name="AniInterpolationTypeOut" value="False" varType="11" description=""/>
                    <param name="Delay" value="0" varType="3" description=""/>
                    <param name="Value" value="2" varType="3" description=""/>
                    <param name="AniType" value="0" varType="3" description=""/>
                  </command>
                </target>
              </behaviour>
            </event>
          </events>
        </entry>
      </interactiveData>
      <font family="Segoe+UI" displayName="Segoe+UI_%26_Bold" postScript="" weightStyle="Bold" weight="700" isBold="True" isItalic="False"/>
      <text>ELIMINAR</text>
      <textColor>4294914918</textColor>
      <textSize>14</textSize>
      <lineSpacing>0</lineSpacing>
      <textStyles>[fsBold]</textStyles>
      <selectedIndex>-1</selectedIndex>
    </control>
    <control controlID="CC03D44D-D5A3-4F8D-8B68-2A6F7D22F1FB" controlTypeID="AlertWindow" x="-139" y="465" w="46" h="46" zOrder="4">
      <groupChildrenDescriptors>
        <control controlID="4318BFF5-A285-484D-AEB5-718AA702EA66" controlTypeID="Panel" x="0" y="0" w="375" h="667" zOrder="0">
          <locked>True</locked>
          <color>1879048192</color>
          <borderVisible>False</borderVisible>
          <canMove>False</canMove>
          <alias>background</alias>
          <groupChildrenDescriptors>
            <control controlID="B629F348-238B-4299-B2AB-64DD3EFC56A4" controlTypeID="Border" x="0" y="0" w="375" h="667" zOrder="0">
              <borderVisible>False</borderVisible>
              <alias>borderLayer</alias>
            </control>
          </groupChildrenDescriptors>
          <thinkness>1</thinkness>
        </control>
        <control controlID="46FF3762-159A-45F5-86EE-EEE9D8E12103" controlTypeID="PopupPanelContent" x="62" y="252" w="250" h="162" zOrder="1">
          <color>16777215</color>
          <alias>content</alias>
          <groupChildrenDescriptors>
            <control controlID="4EE8B5F6-3F58-4ECB-A51D-756F31A9CE43" controlTypeID="Alert" x="0" y="0" w="250" h="162" zOrder="0">
              <alias>alert</alias>
              <links eventType="AtClick" animate="AmNone" animateAutoDelay="0" animateDuration="500">
                <link targetPageID="78CC37F3-480C-42CD-A995-6D511235713E" linkType="ltPageLink" isApplyIncludePage="False" title="No">
                  <area shape="0" alt="" ID="{F16D7AC7-86A2-464C-B34A-273AA395B55E}" coords="(4.5,126.5,120.5,157.5)"/>
                </link>
                <link targetPageID="" linkType="ltPageLink" isApplyIncludePage="False" title="Si">
                  <area shape="0" alt="" ID="{BE8A278E-A7AE-4B10-B48E-1387B6369F57}" coords="(129.5,126.5,245.5,157.5)"/>
                </link>
              </links>
              <interactiveData>
                <entry title="No">
                  <area shape="0" alt="" ID="{4FF1C7CE-D5A4-46AB-9275-483BB41C2D88}" coords="(4.5,126.5,120.5,157.5)"/>
                  <events title=""/>
                </entry>
                <entry title="Si">
                  <area shape="0" alt="" ID="{C6A9385D-5307-4728-A79C-98B5B66C355E}" coords="(129.5,126.5,245.5,157.5)"/>
                  <events title="">
                    <event eventType="atClick" isChecked="True">
                      <behaviour title="" isChecked="True" isWait="False" isLoop="False" execMode="emParallel">
                        <target targetID="20DB4941-BF8B-4293-9B02-D725D280A9CB" isChecked="True" isAutoRecovery="False" isLoop="False" execMode="emSequence">
                          <command name="Popup State Change" isChecked="True" descrition="">
                            <param name="AniInterpolation" value="0" varType="3" description=""/>
                            <param name="AniDuration" value="200" varType="3" description=""/>
                            <param name="AniAutoReverse" value="False" varType="11" description=""/>
                            <param name="AniLoop" value="False" varType="11" description=""/>
                            <param name="AniInterpolationTypeOut" value="False" varType="11" description=""/>
                            <param name="Delay" value="0" varType="3" description=""/>
                            <param name="Value" value="2" varType="3" description=""/>
                            <param name="AniType" value="0" varType="3" description=""/>
                          </command>
                        </target>
                      </behaviour>
                    </event>
                  </events>
                </entry>
              </interactiveData>
              <font family="Segoe+UI" displayName="Segoe+UI" postScript="" weightStyle="Normal" weight="400" isBold="False" isItalic="False"/>
              <text>Eliminar%0D%0A%C2%BFSeguro+desea+eliminar+el+sitio+seleccionado%3F+%0D%0ANo%2CSi</text>
              <textSize>14</textSize>
              <lineSpacing>0</lineSpacing>
            </control>
          </groupChildrenDescriptors>
        </control>
      </groupChildrenDescriptors>
    </control>
    <control controlID="20DB4941-BF8B-4293-9B02-D725D280A9CB" controlTypeID="AlertWindow" x="-180" y="316" w="46" h="46" zOrder="5">
      <groupChildrenDescriptors>
        <control controlID="22DEB20E-F315-43E3-90F8-ACE69BEE98F3" controlTypeID="Panel" x="0" y="0" w="375" h="667" zOrder="0">
          <locked>True</locked>
          <color>1879048192</color>
          <borderVisible>False</borderVisible>
          <canMove>False</canMove>
          <alias>background</alias>
          <groupChildrenDescriptors>
            <control controlID="24A431CC-55B4-4939-8C0C-8C603B8C7839" controlTypeID="Border" x="0" y="0" w="375" h="667" zOrder="0">
              <borderVisible>False</borderVisible>
              <alias>borderLayer</alias>
            </control>
          </groupChildrenDescriptors>
          <thinkness>1</thinkness>
        </control>
        <control controlID="784EA201-E816-47E8-8F06-4005C1C7FD15" controlTypeID="PopupPanelContent" x="62" y="252" w="250" h="162" zOrder="1">
          <color>16777215</color>
          <alias>content</alias>
          <groupChildrenDescriptors>
            <control controlID="FC682FFB-3B60-4EC4-ABD9-9E80A41A3E09" controlTypeID="Alert" x="0" y="0" w="250" h="162" zOrder="0">
              <alias>alert</alias>
              <links eventType="AtClick" animate="AmNone" animateAutoDelay="0" animateDuration="500">
                <link targetPageID="78CC37F3-480C-42CD-A995-6D511235713E" linkType="ltPageLink" isApplyIncludePage="False" title="Ok">
                  <area shape="0" alt="" ID="{2BF24734-9368-4992-B145-D5068A2A2C71}" coords="(4.5,126.5,245.5,157.5)"/>
                </link>
                <link targetPageID="" linkType="ltPageLink" isApplyIncludePage="False" title="">
                  <area shape="0" alt="" ID="{ADE325B9-43FD-4132-B58B-979DAB2620EF}" coords="(0,0,0,0)"/>
                </link>
              </links>
              <font family="Segoe+UI" displayName="Segoe+UI" postScript="" weightStyle="Normal" weight="400" isBold="False" isItalic="False"/>
              <text>Eliminar%0D%0AEliminaci%C3%B3n+exitosa+%0D%0AOk</text>
              <textSize>14</textSize>
              <lineSpacing>0</lineSpacing>
            </control>
          </groupChildrenDescriptors>
        </control>
      </groupChildrenDescriptors>
    </control>
  </controls>
  <param>
    <backgroundColor>4294914918</backgroundColor>
    <fontSize>14</fontSize>
    <fontFamily>Segoe+UI</fontFamily>
    <guideLines/>
  </param>
</mockup>