﻿<mockup version="5.3" minAllowVersion="5.3" ID="7B1338DC-7836-497E-8A2C-0A82ADC2417F" platform="MtMobile" defaultW="375" defaultH="667" measureW="375" measureH="667" screenOrientation="MoPortrait" mobileScreenScale="1.77777779102325" clipArea="(0,0,0,0)">
  <controls controlCount="10">
    <control controlID="B7B0BCED-B312-4931-924D-4C526F7AD600" controlTypeID="__group__" x="20" y="146" w="321" h="29" zOrder="0">
      <groupChildrenDescriptors>
        <control controlID="790E56BB-4C85-4084-A39A-D9C45D347CAB" controlTypeID="Line" x="0" y="27" w="321" h="2" zOrder="0">
          <font family="Segoe+UI" displayName="Segoe+UI" postScript="" weightStyle="Normal" weight="400" isBold="False" isItalic="False"/>
          <textColor>4294967295</textColor>
          <textSize>14</textSize>
          <lineSpacing>0</lineSpacing>
          <selectedIndex>-1</selectedIndex>
          <controlPoint>(160,1)</controlPoint>
          <startPoint>(0,1)</startPoint>
          <endPoint>(321,1)</endPoint>
        </control>
        <control controlID="F3C4109F-3BE3-40EC-9F29-197D3B7514F9" controlTypeID="TextArea" x="0" y="0" w="81" h="28" zOrder="1">
          <font family="Segoe+UI" displayName="Segoe+UI_%26_Bold" postScript="" weightStyle="Bold" weight="700" isBold="True" isItalic="False"/>
          <text>NOMBRE</text>
          <textColor>4294967295</textColor>
          <textStyles>[fsBold]</textStyles>
          <selectedIndex>-1</selectedIndex>
        </control>
      </groupChildrenDescriptors>
    </control>
    <control controlID="03B024BA-C08B-4CC8-9B24-1328BC924BE6" controlTypeID="__group__" x="20" y="195" w="321" h="48" zOrder="1">
      <groupChildrenDescriptors>
        <control controlID="7C95652A-B587-49B4-B229-CF10E068B6A6" controlTypeID="Button" x="0" y="0" w="321" h="48" zOrder="0">
          <font family="Segoe+UI" displayName="Segoe+UI" postScript="" weightStyle="Normal" weight="400" isBold="False" isItalic="False"/>
          <text>SUBIR+FOTOS</text>
          <textColor>4294914918</textColor>
          <lineSpacing>0</lineSpacing>
          <selectedIndex>-1</selectedIndex>
        </control>
        <control controlID="0099EFF2-04AC-4084-A779-390D7D2056C8" controlTypeID="Icon" x="275" y="6" w="37" h="37" zOrder="1">
          <color>4294914918</color>
          <icon>
            <ID/>
            <iconFontName>jdIonicons</iconFontName>
            <iconCode>62163</iconCode>
          </icon>
          <URL>C7D1B4CE058A7FC0691E8FF41CC36AD9.svg</URL>
        </control>
      </groupChildrenDescriptors>
    </control>
    <control controlID="4F3561D7-33E9-4DEF-871B-B9D907405C9A" controlTypeID="Map" x="0" y="298" w="375" h="251" zOrder="2"/>
    <control controlID="982918FB-E4A0-4B1E-B635-4AA789E0387C" controlTypeID="TextArea" x="10" y="18" w="321" h="128" zOrder="3">
      <font family="Segoe+UI" displayName="Segoe+UI_%26_Bold" postScript="" weightStyle="Bold" weight="700" isBold="True" isItalic="False"/>
      <text>AGREGAR+LUGAR+TURISTICO%0D%0A</text>
      <textColor>4294967295</textColor>
      <textSize>32</textSize>
      <textStyles>[fsBold]</textStyles>
      <useDefaultTextSize>False</useDefaultTextSize>
      <selectedIndex>-1</selectedIndex>
    </control>
    <control controlID="52D82262-61A9-4BAF-B05C-327D5C8C17A2" controlTypeID="TextArea" x="122" y="263" w="116" h="25" zOrder="4">
      <font family="Segoe+UI" displayName="Segoe+UI_%26_Bold" postScript="" weightStyle="Bold" weight="700" isBold="True" isItalic="False"/>
      <text>LOCALIZACION</text>
      <textColor>4294967295</textColor>
      <textStyles>[fsBold]</textStyles>
      <selectedIndex>-1</selectedIndex>
    </control>
    <control controlID="23D125DA-72CE-47B0-A7EE-7EBF8303685F" controlTypeID="Button" x="20" y="581" w="321" h="48" zOrder="5">
      <links eventType="AtClick" animate="AmNone" animateAutoDelay="0" animateDuration="500">
        <link targetPageID="BAEA970F-6CCE-44DA-8B10-77A9001D2B80" linkType="ltPageLink" isApplyIncludePage="False" title="IPropietario">
          <area shape="0" alt="" ID="{BB1397BE-FF01-4B75-B63C-84C77BA43F46}" coords="(0,0,321,48)"/>
        </link>
      </links>
      <font family="Segoe+UI" displayName="Segoe+UI" postScript="" weightStyle="Normal" weight="400" isBold="False" isItalic="False"/>
      <text>AGREGAR</text>
      <textColor>4294914918</textColor>
      <lineSpacing>0</lineSpacing>
      <selectedIndex>-1</selectedIndex>
    </control>
  </controls>
  <param>
    <backgroundColor>4294914918</backgroundColor>
    <fontSize>14</fontSize>
    <fontFamily>Segoe+UI</fontFamily>
    <guideLines/>
  </param>
</mockup>