﻿<mockup version="5.3" minAllowVersion="5.3" ID="948BE358-BDC4-4C58-AF4C-0A79A710DFDC" platform="MtMobile" defaultW="375" defaultH="667" measureW="375" measureH="667" screenOrientation="MoPortrait" mobileScreenScale="1.77777779102325" clipArea="(0,0,0,0)">
  <controls controlCount="15">
    <control controlID="CFC221D0-7583-4D37-8490-192CED48722E" controlTypeID="Image" x="0" y="0" w="372" h="154" zOrder="0">
      <opacity>0.300000011920929</opacity>
      <URL>20F746994071EF3A15E1C6ECB9BA9C35.png</URL>
    </control>
    <control controlID="E3793D21-8C29-43BF-AD99-FBBAB2A71ECA" controlTypeID="ImageCarousel" x="0" y="152" w="375" h="372" zOrder="1">
      <groupChildrenDescriptors>
        <control controlID="CE77D990-9145-49AE-8044-D34474249671" controlTypeID="ImageBackground" x="0" y="0" w="375" h="372" zOrder="0">
          <caption>1dff7cbc-d609-41a5-8719-9e1ced4e8b20</caption>
          <groupChildrenDescriptors/>
          <URL>88012E1A2C8241F428ABAC8AA8AFBDED.png</URL>
        </control>
        <control controlID="BF119976-F68D-4475-961C-90286A98D02F" controlTypeID="ImageBackground" x="0" y="0" w="375" h="372" zOrder="1">
          <caption>16f91d95-c3a8-4d6b-8290-8800cf867ff4</caption>
          <groupChildrenDescriptors/>
          <URL>610A59C050B82CD11B7BF12B29E90109.png</URL>
        </control>
        <control controlID="D7DB9220-88A5-490E-96A8-5788AAB2AD27" controlTypeID="ImageBackground" x="0" y="0" w="375" h="372" zOrder="2">
          <caption>39bae67f-5264-49f6-8181-40ef1f13ae22</caption>
          <groupChildrenDescriptors/>
          <URL>E32AD7E45252099E5EDCAACC88A163C3.png</URL>
        </control>
        <control controlID="A3A4A28B-6D4B-4BE0-829A-FFCF65D8CA0C" controlTypeID="ImageBackground" x="0" y="0" w="375" h="372" zOrder="3">
          <caption>055244d4-be53-4749-be96-092dccc40c5a</caption>
          <groupChildrenDescriptors/>
          <URL>6A29AA76A42F30B8F7C9D7981383A05B.png</URL>
        </control>
        <control controlID="7E21D6A5-8859-485C-8FFF-40368F163DA3" controlTypeID="ImageBackground" x="0" y="0" w="375" h="372" zOrder="4">
          <caption>ac40e2cc-1108-4c55-98be-c0dc5c316291</caption>
          <groupChildrenDescriptors/>
          <URL>713242C3B48D0C6CF18E50C16DA717DE.png</URL>
        </control>
        <control controlID="C2BCE35D-8E24-486D-AC74-75A54EADE91A" controlTypeID="ImageBackground" x="0" y="0" w="375" h="372" zOrder="5">
          <caption>e4b800bf-08ff-4329-9596-090917936870</caption>
          <groupChildrenDescriptors/>
          <URL>D17252E6884679DD4C7029591E79611D.png</URL>
        </control>
        <control controlID="56E4F06B-BE07-4671-BA86-FD30D0B224FE" controlTypeID="ImageBackground" x="0" y="0" w="375" h="372" zOrder="6">
          <caption>f3c9f871-da89-40d3-bd29-a26199662974</caption>
          <groupChildrenDescriptors/>
          <URL>E2DEBAC4A61E3CBAD356DF4B61369BEA.png</URL>
        </control>
      </groupChildrenDescriptors>
      <selectedIndex>2</selectedIndex>
      <aniType>spaSlide</aniType>
    </control>
    <control controlID="6F29E7AF-5AB8-402D-88DB-BD656A8CDD09" controlTypeID="Label" x="0" y="54" w="332" h="43" zOrder="2">
      <font family="Segoe+UI" displayName="Segoe+UI" postScript="" weightStyle="Normal" weight="400" isBold="False" isItalic="False"/>
      <text>The+Round+Villa+(Bogor)</text>
      <textColor>4294967295</textColor>
      <textSize>32</textSize>
      <textAlign>HaCenter</textAlign>
      <lineSpacing>0</lineSpacing>
      <useDefaultTextSize>False</useDefaultTextSize>
      <selectedIndex>-1</selectedIndex>
    </control>
    <control controlID="CED85A36-9BA5-4F6D-91AE-83E0E2767F54" controlTypeID="Label" x="5" y="0" w="102" h="54" zOrder="3">
      <font family="Segoe+UI" displayName="Segoe+UI_%26_Bold" postScript="" weightStyle="Bold" weight="700" isBold="True" isItalic="False"/>
      <text>Fotos</text>
      <textColor>4294967295</textColor>
      <textSize>40</textSize>
      <lineSpacing>0</lineSpacing>
      <textStyles>[fsBold]</textStyles>
      <useDefaultTextSize>False</useDefaultTextSize>
      <selectedIndex>-1</selectedIndex>
    </control>
    <control controlID="4F795A60-2E32-4EAC-BE83-B9DB8FB792C9" controlTypeID="__group__" x="28" y="555" w="321" h="48" zOrder="4">
      <groupChildrenDescriptors>
        <control controlID="5D1B38DA-B383-4D1F-9366-ED2ACBB0EBDC" controlTypeID="Button" x="0" y="0" w="321" h="48" zOrder="0">
          <font family="Segoe+UI" displayName="Segoe+UI" postScript="" weightStyle="Normal" weight="400" isBold="False" isItalic="False"/>
          <text>SUBIR+FOTOS</text>
          <textColor>4294914918</textColor>
          <lineSpacing>0</lineSpacing>
          <selectedIndex>-1</selectedIndex>
        </control>
        <control controlID="8EC5BC67-A857-4935-8972-A725C375BF32" controlTypeID="Icon" x="275" y="6" w="37" h="37" zOrder="1">
          <color>4294914918</color>
          <icon>
            <ID/>
            <iconFontName>jdIonicons</iconFontName>
            <iconCode>62163</iconCode>
          </icon>
          <URL>C7D1B4CE058A7FC0691E8FF41CC36AD9.svg</URL>
        </control>
      </groupChildrenDescriptors>
    </control>
    <control controlID="406CA9DA-F600-46DD-ADCC-240B74CDB58A" controlTypeID="PointyButton" x="36" y="613" w="305" h="42" zOrder="5">
      <borderColor>4294914918</borderColor>
      <links eventType="AtClick" animate="AmNone" animateAutoDelay="0" animateDuration="500">
        <link targetPageID="B0F56E1A-4FEA-41EC-A853-0884D4623B95" linkType="ltPageLink" isApplyIncludePage="False" title="Page">
          <area shape="0" alt="" ID="{793C50C2-2C31-43A6-8A3A-0D1FC2D170E0}" coords="(0,0,305,42)"/>
        </link>
      </links>
      <font family="Segoe+UI" displayName="Segoe+UI_%26_Bold" postScript="" weightStyle="Bold" weight="700" isBold="True" isItalic="False"/>
      <text>Volver</text>
      <textColor>4294914918</textColor>
      <textSize>18</textSize>
      <lineSpacing>0</lineSpacing>
      <textStyles>[fsBold]</textStyles>
      <useDefaultTextSize>False</useDefaultTextSize>
      <selectedIndex>-1</selectedIndex>
      <direction>0</direction>
    </control>
  </controls>
  <param>
    <backgroundColor>4294914918</backgroundColor>
    <fontSize>14</fontSize>
    <fontFamily>Segoe+UI</fontFamily>
    <guideLines/>
  </param>
</mockup>