﻿<mockup version="5.3" minAllowVersion="5.3" ID="D81B46C2-E051-40D7-A4E6-4E378AFCF37F" platform="MtMobile" defaultW="375" defaultH="667" measureW="375" measureH="667" screenOrientation="MoPortrait" mobileScreenScale="1.77777779102325" clipArea="(0,0,0,0)">
  <controls controlCount="19">
    <control controlID="939D28D8-7BBE-4F28-B27F-65A1FFF97E7F" controlTypeID="TextArea" x="10" y="0" w="321" h="128" zOrder="0">
      <font family="Segoe+UI" displayName="Segoe+UI_%26_Bold" postScript="" weightStyle="Bold" weight="700" isBold="True" isItalic="False"/>
      <text>EDITAR+ALOJAMIENTO</text>
      <textColor>4294967295</textColor>
      <textSize>32</textSize>
      <textStyles>[fsBold]</textStyles>
      <useDefaultTextSize>False</useDefaultTextSize>
      <selectedIndex>-1</selectedIndex>
    </control>
    <control controlID="4CCCD860-76E4-402C-BE67-2468B21A773E" controlTypeID="Icon" x="276" y="20" w="60" h="60" zOrder="1">
      <icon>
        <ID/>
        <iconFontName>jdIonicons</iconFontName>
        <iconCode>62334</iconCode>
      </icon>
      <URL>69A4D1E5CE13432C6A4F579026917C6A.svg</URL>
    </control>
    <control controlID="90B72AAD-5274-46BC-BA03-63F35D5519D7" controlTypeID="CompositeComboBox" x="10" y="118" w="331" h="39" zOrder="2">
      <groupChildrenDescriptors>
        <control controlID="22341D71-3031-4EBE-9AE6-6044EC8D11FB" controlTypeID="TextInput" x="0" y="0" w="308" h="39" zOrder="0">
          <locked>True</locked>
          <canMove>False</canMove>
          <alias>input</alias>
          <font family="Segoe+UI" displayName="Segoe+UI" postScript="" weightStyle="Normal" weight="400" isBold="False" isItalic="False"/>
          <text>Casa1</text>
          <textSize>20</textSize>
          <lineSpacing>0</lineSpacing>
          <selectedIndex>-1</selectedIndex>
        </control>
        <control controlID="00B0969E-7D21-4A28-A419-571935D4CB7A" controlTypeID="Button" x="307" y="0" w="24" h="39" zOrder="1">
          <locked>True</locked>
          <canMove>False</canMove>
          <alias>button</alias>
          <font family="Segoe+UI" displayName="Segoe+UI" postScript="" weightStyle="Normal" weight="400" isBold="False" isItalic="False"/>
          <lineSpacing>0</lineSpacing>
          <selectedIndex>-1</selectedIndex>
          <radius>0</radius>
        </control>
        <control controlID="D72152D4-7D4D-43B5-AC24-0DEEAEAD054F" controlTypeID="List" x="0" y="39" w="331" h="119" zOrder="2">
          <isShow>False</isShow>
          <canMove>False</canMove>
          <alias>dropDown</alias>
          <interactiveData>
            <entry title="Casa1">
              <area shape="0" alt="" ID="{E54EDC8D-1CAA-4637-9271-9F78FDBC5A82}" coords="(1,1,330,40)"/>
              <events title="">
                <event eventType="atClick" isChecked="True">
                  <behaviour title="" isChecked="True" isWait="False" isLoop="False" execMode="emParallel">
                    <target targetID="FC05499A-8DB5-4B75-8E76-2BA2275B39AD" isChecked="True" isAutoRecovery="False" isLoop="False" execMode="emSequence">
                      <command name="Popup State Change" isChecked="True" descrition="">
                        <param name="AniInterpolation" value="0" varType="3" description=""/>
                        <param name="AniDuration" value="200" varType="3" description=""/>
                        <param name="AniAutoReverse" value="False" varType="11" description=""/>
                        <param name="AniLoop" value="False" varType="11" description=""/>
                        <param name="AniInterpolationTypeOut" value="False" varType="11" description=""/>
                        <param name="Delay" value="0" varType="3" description=""/>
                        <param name="Value" value="2" varType="3" description=""/>
                        <param name="AniType" value="0" varType="3" description=""/>
                      </command>
                    </target>
                  </behaviour>
                </event>
              </events>
            </entry>
            <entry title="Cueva1">
              <area shape="0" alt="" ID="{95990D50-FDD1-45D3-BAA4-FF3D013361D0}" coords="(1,40,330,79)"/>
              <events title="">
                <event eventType="atClick" isChecked="True">
                  <behaviour title="" isChecked="True" isWait="False" isLoop="False" execMode="emParallel">
                    <target targetID="FC05499A-8DB5-4B75-8E76-2BA2275B39AD" isChecked="True" isAutoRecovery="False" isLoop="False" execMode="emSequence">
                      <command name="Popup State Change" isChecked="True" descrition="">
                        <param name="AniInterpolation" value="0" varType="3" description=""/>
                        <param name="AniDuration" value="200" varType="3" description=""/>
                        <param name="AniAutoReverse" value="False" varType="11" description=""/>
                        <param name="AniLoop" value="False" varType="11" description=""/>
                        <param name="AniInterpolationTypeOut" value="False" varType="11" description=""/>
                        <param name="Delay" value="0" varType="3" description=""/>
                        <param name="Value" value="2" varType="3" description=""/>
                        <param name="AniType" value="0" varType="3" description=""/>
                      </command>
                    </target>
                  </behaviour>
                </event>
              </events>
            </entry>
            <entry title="Apartamento1">
              <area shape="0" alt="" ID="{69EBC50A-CB76-40F6-A1A0-BED7668CBD1F}" coords="(1,79,330,118)"/>
              <events title="">
                <event eventType="atClick" isChecked="True">
                  <behaviour title="" isChecked="True" isWait="False" isLoop="False" execMode="emParallel">
                    <target targetID="FC05499A-8DB5-4B75-8E76-2BA2275B39AD" isChecked="True" isAutoRecovery="False" isLoop="False" execMode="emSequence">
                      <command name="Popup State Change" isChecked="True" descrition="">
                        <param name="AniInterpolation" value="0" varType="3" description=""/>
                        <param name="AniDuration" value="200" varType="3" description=""/>
                        <param name="AniAutoReverse" value="False" varType="11" description=""/>
                        <param name="AniLoop" value="False" varType="11" description=""/>
                        <param name="AniInterpolationTypeOut" value="False" varType="11" description=""/>
                        <param name="Delay" value="0" varType="3" description=""/>
                        <param name="Value" value="2" varType="3" description=""/>
                        <param name="AniType" value="0" varType="3" description=""/>
                      </command>
                    </target>
                  </behaviour>
                </event>
              </events>
            </entry>
          </interactiveData>
          <font family="Segoe+UI" displayName="Segoe+UI" postScript="" weightStyle="Normal" weight="400" isBold="False" isItalic="False"/>
          <text>Casa1%0D%0ACueva1%0D%0AApartamento1%0D%0A</text>
          <textSize>20</textSize>
          <lineSpacing>0</lineSpacing>
          <itemHeight>39</itemHeight>
          <interlaceColor>4294967295</interlaceColor>
        </control>
      </groupChildrenDescriptors>
      <font family="Segoe+UI"/>
      <textSize>20</textSize>
    </control>
    <control controlID="FC05499A-8DB5-4B75-8E76-2BA2275B39AD" controlTypeID="PopupPanel" x="0" y="167" w="46" h="46" zOrder="3">
      <groupChildrenDescriptors>
        <control controlID="D0B427E9-C247-4C65-89D2-DCEEEDB7B41E" controlTypeID="Panel" x="0" y="0" w="375" h="667" zOrder="0">
          <locked>True</locked>
          <color>1879048192</color>
          <borderVisible>False</borderVisible>
          <canMove>False</canMove>
          <alias>background</alias>
          <groupChildrenDescriptors>
            <control controlID="40259B10-E6DD-4EA0-AEDC-F6C4202B199D" controlTypeID="Border" x="0" y="0" w="375" h="667" zOrder="0">
              <borderVisible>False</borderVisible>
              <alias>borderLayer</alias>
            </control>
          </groupChildrenDescriptors>
          <thinkness>1</thinkness>
        </control>
        <control controlID="B5EE46F8-CEDE-4520-9878-2B6823B144F3" controlTypeID="PopupPanelContent" x="0" y="167" w="375" h="480" zOrder="1">
          <color>16777215</color>
          <alias>content</alias>
          <groupChildrenDescriptors>
            <control controlID="05B86369-E79C-4C9E-9A59-F7A4F474E1F0" controlTypeID="__group__" x="20" y="58" w="321" h="48" zOrder="0">
              <groupChildrenDescriptors>
                <control controlID="07186351-A7FB-49D7-B84B-04A89DBB3C8D" controlTypeID="Button" x="0" y="0" w="321" h="48" zOrder="0">
                  <font family="Segoe+UI" displayName="Segoe+UI" postScript="" weightStyle="Normal" weight="400" isBold="False" isItalic="False"/>
                  <text>FOTOS</text>
                  <textColor>4294914918</textColor>
                  <lineSpacing>0</lineSpacing>
                  <selectedIndex>-1</selectedIndex>
                </control>
                <control controlID="A829EAE8-34E0-44B6-BBAC-CCEBDC0C0A2C" controlTypeID="Icon" x="275" y="6" w="37" h="37" zOrder="1">
                  <color>4294914918</color>
                  <icon>
                    <ID/>
                    <iconFontName>jdIonicons</iconFontName>
                    <iconCode>62163</iconCode>
                  </icon>
                  <URL>C7D1B4CE058A7FC0691E8FF41CC36AD9.svg</URL>
                </control>
              </groupChildrenDescriptors>
            </control>
            <control controlID="A864E240-DC96-428B-BFB9-5733CBF9EC33" controlTypeID="Map" x="0" y="152" w="375" h="251" zOrder="1"/>
            <control controlID="FE128F5C-55BF-4D05-BA78-8D5B348D2E07" controlTypeID="TextArea" x="122" y="127" w="116" h="25" zOrder="2">
              <font family="Segoe+UI" displayName="Segoe+UI_%26_Bold" postScript="" weightStyle="Bold" weight="700" isBold="True" isItalic="False"/>
              <text>LOCALIZACION</text>
              <textColor>4294967295</textColor>
              <textStyles>[fsBold]</textStyles>
              <selectedIndex>-1</selectedIndex>
            </control>
            <control controlID="A23E0356-6141-4E22-A7B2-CB25309D523E" controlTypeID="Button" x="20" y="432" w="321" h="48" zOrder="3">
              <font family="Segoe+UI" displayName="Segoe+UI" postScript="" weightStyle="Normal" weight="400" isBold="False" isItalic="False"/>
              <text>EDITAR</text>
              <textColor>4294914918</textColor>
              <lineSpacing>0</lineSpacing>
              <selectedIndex>-1</selectedIndex>
            </control>
            <control controlID="41290C4B-3016-4859-B8EE-E57352679D28" controlTypeID="__group__" x="20" y="0" w="321" h="29" zOrder="4">
              <groupChildrenDescriptors>
                <control controlID="A5DBDC34-E815-48DF-A6CF-5AF4D75CC2A7" controlTypeID="Line" x="0" y="27" w="321" h="2" zOrder="0">
                  <font family="Segoe+UI" displayName="Segoe+UI" postScript="" weightStyle="Normal" weight="400" isBold="False" isItalic="False"/>
                  <textColor>4294967295</textColor>
                  <textSize>14</textSize>
                  <lineSpacing>0</lineSpacing>
                  <selectedIndex>-1</selectedIndex>
                  <controlPoint>(160,1)</controlPoint>
                  <startPoint>(0,1)</startPoint>
                  <endPoint>(321,1)</endPoint>
                </control>
                <control controlID="4511DED1-359C-4811-B331-CEE1A5F67515" controlTypeID="TextArea" x="0" y="0" w="144" h="28" zOrder="1">
                  <font family="Segoe+UI" displayName="Segoe+UI_%26_Bold" postScript="" weightStyle="Bold" weight="700" isBold="True" isItalic="False"/>
                  <text>CANTIDAD+MAXIMA</text>
                  <textColor>4294967295</textColor>
                  <textStyles>[fsBold]</textStyles>
                  <selectedIndex>-1</selectedIndex>
                </control>
              </groupChildrenDescriptors>
            </control>
          </groupChildrenDescriptors>
        </control>
      </groupChildrenDescriptors>
    </control>
  </controls>
  <param>
    <backgroundColor>4294914918</backgroundColor>
    <fontSize>14</fontSize>
    <fontFamily>Segoe+UI</fontFamily>
    <guideLines/>
  </param>
</mockup>