﻿<mockup version="5.3" minAllowVersion="5.3" ID="A240AD2B-9B09-4AB6-9B4C-D3C95B9375FD" platform="MtMobile" defaultW="375" defaultH="667" measureW="375" measureH="667" screenOrientation="MoPortrait" mobileScreenScale="1.77777779102325" clipArea="(0,0,0,0)">
  <controls controlCount="13">
    <control controlID="A981434D-1D12-4490-AA50-157758CDD765" controlTypeID="Image" x="-3" y="-20" w="385" h="268" zOrder="0">
      <opacity>0.400000005960464</opacity>
      <URL>03D6E278079840FF9637232B5FCD6ED2.png</URL>
    </control>
    <control controlID="7E4CBD75-070E-4BE8-BE16-8C73EC2EA81E" controlTypeID="Label" x="0" y="137" w="332" h="43" zOrder="1">
      <font family="Segoe+UI" displayName="Segoe+UI" postScript="" weightStyle="Normal" weight="400" isBold="False" isItalic="False"/>
      <text>The+Round+Villa+(Bogor)</text>
      <textColor>4294967295</textColor>
      <textSize>32</textSize>
      <textAlign>HaCenter</textAlign>
      <lineSpacing>0</lineSpacing>
      <useDefaultTextSize>False</useDefaultTextSize>
      <selectedIndex>-1</selectedIndex>
    </control>
    <control controlID="C63401D0-B3CF-4145-91D9-F6E193562A9C" controlTypeID="Label" x="5" y="83" w="134" h="54" zOrder="2">
      <font family="Segoe+UI" displayName="Segoe+UI_%26_Bold" postScript="" weightStyle="Bold" weight="700" isBold="True" isItalic="False"/>
      <text>Precios</text>
      <textColor>4294967295</textColor>
      <textSize>40</textSize>
      <lineSpacing>0</lineSpacing>
      <textStyles>[fsBold]</textStyles>
      <useDefaultTextSize>False</useDefaultTextSize>
      <selectedIndex>-1</selectedIndex>
    </control>
    <control controlID="F96B0246-572B-4644-88FA-21EDC7EE239B" controlTypeID="ScrollView" x="10" y="254" w="355" h="260" zOrder="3">
      <color>654311423</color>
      <borderVisible>False</borderVisible>
      <groupChildrenDescriptors>
        <control controlID="B31F77A0-6BBD-4616-8C3A-16D1CACA2837" controlTypeID="ScrollViewContentPanel" x="0" y="0" w="885" h="260" zOrder="0">
          <alias>contentPanel</alias>
          <groupChildrenDescriptors>
            <control controlID="A20630EF-AD78-4C00-A117-67712F1CB7B7" controlTypeID="Label" x="10" y="25" w="72" h="32" zOrder="0">
              <font family="Segoe+UI" displayName="Segoe+UI+Negrita" postScript="" weightStyle="Negrita" weight="700" isBold="False" isItalic="False"/>
              <text>Noche</text>
              <textSize>24</textSize>
              <lineSpacing>0</lineSpacing>
              <useDefaultTextSize>False</useDefaultTextSize>
              <selectedIndex>-1</selectedIndex>
            </control>
            <control controlID="51612B5D-7BB6-43CC-8662-CF02B5CD8F73" controlTypeID="TextArea" x="10" y="101" w="306" h="32" zOrder="1">
              <font family="Segoe+UI" displayName="Segoe+UI+Negrita" postScript="" weightStyle="Negrita" weight="700" isBold="False" isItalic="False"/>
              <text>Tarifa+de+limpieza%0D%0A</text>
              <textSize>24</textSize>
              <useDefaultTextSize>False</useDefaultTextSize>
              <selectedIndex>-1</selectedIndex>
            </control>
            <control controlID="EFBDAEE8-A230-49B0-AEFA-FC337D1DA9C3" controlTypeID="TextArea" x="10" y="166" w="306" h="32" zOrder="2">
              <font family="Segoe+UI" displayName="Segoe+UI+Negrita" postScript="" weightStyle="Negrita" weight="700" isBold="False" isItalic="False"/>
              <text>Comisi%C3%B3n+por+servicio</text>
              <textSize>24</textSize>
              <useDefaultTextSize>False</useDefaultTextSize>
              <selectedIndex>-1</selectedIndex>
            </control>
            <control controlID="28C182FC-034C-4B78-A0DA-CA37484E9132" controlTypeID="TextArea" x="10" y="54" w="178" h="32" zOrder="3">
              <font family="Segoe+UI" displayName="Segoe+UI" postScript="" weightStyle="Normal" weight="400" isBold="False" isItalic="False"/>
              <text>$133%2C474</text>
              <textSize>20</textSize>
              <useDefaultTextSize>False</useDefaultTextSize>
              <selectedIndex>-1</selectedIndex>
            </control>
            <control controlID="AA13A04D-74A1-4D0E-A0E4-FF91431DF1B1" controlTypeID="TextArea" x="10" y="133" w="178" h="32" zOrder="4">
              <font family="Segoe+UI" displayName="Segoe+UI" postScript="" weightStyle="Normal" weight="400" isBold="False" isItalic="False"/>
              <text>$33%2C369</text>
              <textSize>20</textSize>
              <useDefaultTextSize>False</useDefaultTextSize>
              <selectedIndex>-1</selectedIndex>
            </control>
            <control controlID="F3C35764-5537-4413-AAF9-63927C5F997F" controlTypeID="TextArea" x="10" y="198" w="178" h="32" zOrder="5">
              <font family="Segoe+UI" displayName="Segoe+UI" postScript="" weightStyle="Normal" weight="400" isBold="False" isItalic="False"/>
              <text>$21%2C538</text>
              <textSize>20</textSize>
              <useDefaultTextSize>False</useDefaultTextSize>
              <selectedIndex>-1</selectedIndex>
            </control>
          </groupChildrenDescriptors>
        </control>
        <control controlID="DF1D81CE-8F0A-4716-A988-9FF32CE4501D" controlTypeID="Border" x="0" y="0" w="355" h="260" zOrder="1">
          <color>4284900966</color>
          <borderColor>4278190080</borderColor>
          <borderVisible>False</borderVisible>
          <alias>borderLayer</alias>
        </control>
      </groupChildrenDescriptors>
    </control>
    <control controlID="64F2141F-3D69-4FF3-83F9-6933B8FE9625" controlTypeID="PointyButton" x="38" y="595" w="305" h="42" zOrder="4">
      <borderColor>4294914918</borderColor>
      <links eventType="AtClick" animate="AmNone" animateAutoDelay="0" animateDuration="500">
        <link targetPageID="B0F56E1A-4FEA-41EC-A853-0884D4623B95" linkType="ltPageLink" isApplyIncludePage="False" title="Page">
          <area shape="0" alt="" ID="{E525813F-616C-4BCA-91BA-D609C261583D}" coords="(0,0,305,42)"/>
        </link>
      </links>
      <font family="Segoe+UI" displayName="Segoe+UI_%26_Bold" postScript="" weightStyle="Bold" weight="700" isBold="True" isItalic="False"/>
      <text>Volver</text>
      <textColor>4294914918</textColor>
      <textSize>18</textSize>
      <lineSpacing>0</lineSpacing>
      <textStyles>[fsBold]</textStyles>
      <useDefaultTextSize>False</useDefaultTextSize>
      <selectedIndex>-1</selectedIndex>
      <direction>0</direction>
    </control>
  </controls>
  <param>
    <backgroundColor>4294914918</backgroundColor>
    <fontSize>14</fontSize>
    <fontFamily>Segoe+UI</fontFamily>
    <guideLines/>
  </param>
</mockup>