﻿<mockup version="5.3" minAllowVersion="5.3" ID="78CC37F3-480C-42CD-A995-6D511235713E" platform="MtMobile" defaultW="375" defaultH="667" measureW="375" measureH="667" screenOrientation="MoPortrait" mobileScreenScale="1.77777779102325" clipArea="(0,0,0,0)">
  <controls controlCount="4">
    <control controlID="C5E03104-E1E0-4B21-8F58-F70AA18C1AEA" controlTypeID="Image" x="-12" y="0" w="387" h="276" zOrder="0">
      <opacity>0.200000002980232</opacity>
      <URL>5B3721D1DAE91E54664201D5136D8F7B.jpg</URL>
    </control>
    <control controlID="6BB04A7F-93D7-400E-B4D8-47802CEFDC1C" controlTypeID="TextArea" x="15" y="20" w="321" h="128" zOrder="1">
      <font family="Segoe+UI" displayName="Segoe+UI_%26_Bold" postScript="" weightStyle="Bold" weight="700" isBold="True" isItalic="False"/>
      <text>EDITAR+ALOJAMIENTO</text>
      <textColor>4294967295</textColor>
      <textSize>32</textSize>
      <textStyles>[fsBold]</textStyles>
      <useDefaultTextSize>False</useDefaultTextSize>
      <selectedIndex>-1</selectedIndex>
    </control>
    <control controlID="148CBB5B-F00C-40ED-950B-1FFB44005FD2" controlTypeID="TableView" x="15" y="181" w="340" h="367" zOrder="2">
      <font family="Segoe+UI" displayName="Segoe+UI" postScript="" weightStyle="Normal" weight="400" isBold="False" isItalic="False"/>
      <text>Alojamiento1+-%3E%0D%0AAlojamiento2+-%3E%0D%0AAlojamiento3+-%3E%0D%0AAlojamiento4+-%3E%0D%0AAlojamiento5+-%3E%0D%0AAlojamiento6+-%3E%0D%0AAlojamiento7+-%3E%0D%0AAlojamiento8+-%3E%0D%0AAlojamiento9+-%3E%0D%0AAlojamiento10+-%3E</text>
      <textSize>20</textSize>
      <lineSpacing>0</lineSpacing>
      <useDefaultTextSize>False</useDefaultTextSize>
    </control>
    <control controlID="A0B700DF-25CF-4C84-86F6-3EA0E3450A37" controlTypeID="PointyButton" x="15" y="597" w="340" h="42" zOrder="3">
      <borderColor>4294914918</borderColor>
      <links eventType="AtClick" animate="AmNone" animateAutoDelay="0" animateDuration="500">
        <link targetPageID="B0F56E1A-4FEA-41EC-A853-0884D4623B95" linkType="ltPageLink" isApplyIncludePage="False" title="Page">
          <area shape="0" alt="" ID="{81E92A32-A752-41A2-AFA0-6F244489EB13}" coords="(0,0,340,42)"/>
        </link>
      </links>
      <font family="Segoe+UI" displayName="Segoe+UI_%26_Bold" postScript="" weightStyle="Bold" weight="700" isBold="True" isItalic="False"/>
      <text>EDITAR</text>
      <textColor>4294914918</textColor>
      <textSize>24</textSize>
      <lineSpacing>0</lineSpacing>
      <textStyles>[fsBold]</textStyles>
      <useDefaultTextSize>False</useDefaultTextSize>
      <selectedIndex>-1</selectedIndex>
    </control>
  </controls>
  <param>
    <backgroundColor>4294914918</backgroundColor>
    <fontSize>14</fontSize>
    <fontFamily>Segoe+UI</fontFamily>
    <guideLines/>
  </param>
</mockup>