﻿<mockup version="5.3" minAllowVersion="5.3" ID="B0F56E1A-4FEA-41EC-A853-0884D4623B95" platform="MtMobile" defaultW="375" defaultH="667" measureW="375" measureH="667" screenOrientation="MoPortrait" mobileScreenScale="1.77777779102325" clipArea="(0,0,0,0)">
  <controls controlCount="12">
    <control controlID="D3E52B7A-F11B-4983-9D2D-102BE7A7E425" controlTypeID="Image" x="0" y="0" w="376" h="208" zOrder="0">
      <opacity>0.300000011920929</opacity>
      <URL>8629D629065717A794E65BC5FABB910C.png</URL>
    </control>
    <control controlID="B195A2D2-874E-4A08-BB05-E9FFEB1657FF" controlTypeID="TableView" x="-4" y="324" w="379" h="192" zOrder="1">
      <color>16777215</color>
      <borderVisible>False</borderVisible>
      <opacity>0.899999976158142</opacity>
      <links eventType="AtClick" animate="AmNone" animateAutoDelay="0" animateDuration="500">
        <link targetPageID="80610FB0-33C8-4991-BE8A-152F02286552" linkType="ltPageLink" isApplyIncludePage="False" title="Leer+m%C3%A1s+sobre+el+espacio+-%3E">
          <area shape="0" alt="" ID="{369402D9-4F86-418B-A96F-E1FAC3115443}" coords="(0,0,379,36)"/>
        </link>
        <link targetPageID="1913AC16-7E71-4FFA-BD47-0D3F15AF0C15" linkType="ltPageLink" isApplyIncludePage="False" title="Servicios+-%3E">
          <area shape="0" alt="" ID="{6C6D3665-D626-4FD0-AC11-9B06051FCABD}" coords="(0,36,379,72)"/>
        </link>
        <link targetPageID="1529A99A-F52B-4731-8729-213B68297768" linkType="ltPageLink" isApplyIncludePage="False" title="Disponibilidad+-%3E">
          <area shape="0" alt="" ID="{0CF9975C-4BFB-40B4-AE36-AFE211CC5C0B}" coords="(0,72,379,108)"/>
        </link>
        <link targetPageID="948BE358-BDC4-4C58-AF4C-0A79A710DFDC" linkType="ltPageLink" isApplyIncludePage="False" title="Fotos+-%3E">
          <area shape="0" alt="" ID="{B4493731-8543-427B-8CF7-BF964EE54B45}" coords="(0,108,379,144)"/>
        </link>
        <link targetPageID="A240AD2B-9B09-4AB6-9B4C-D3C95B9375FD" linkType="ltPageLink" isApplyIncludePage="False" title="Precios+-%3E">
          <area shape="0" alt="" ID="{6EA1B550-CD4C-4B1F-825C-246B48F6E5CD}" coords="(0,144,379,180)"/>
        </link>
      </links>
      <font family="Segoe+UI" displayName="Segoe+UI_%26_Bold" postScript="" weightStyle="Bold" weight="700" isBold="True" isItalic="False"/>
      <text>Leer+m%C3%A1s+sobre+el+espacio+-%3E%0D%0AServicios+-%3E%0D%0ADisponibilidad+-%3E%0D%0AFotos+-%3E%0D%0APrecios+-%3E</text>
      <textSize>20</textSize>
      <lineSpacing>0</lineSpacing>
      <textStyles>[fsBold]</textStyles>
      <useDefaultTextSize>False</useDefaultTextSize>
      <selectedIndex>-1</selectedIndex>
      <borderStyle>False</borderStyle>
      <iconSize>28</iconSize>
      <separatorColor>1164338790</separatorColor>
    </control>
    <control controlID="DF1F3A0A-3375-42FC-9D68-B374193D083D" controlTypeID="TextArea" x="10" y="66" w="321" h="49" zOrder="2">
      <font family="Segoe+UI" displayName="Segoe+UI_%26_Bold" postScript="" weightStyle="Bold" weight="700" isBold="True" isItalic="False"/>
      <text>Descripci%C3%B3n</text>
      <textColor>4294967295</textColor>
      <textSize>32</textSize>
      <textStyles>[fsBold]</textStyles>
      <useDefaultTextSize>False</useDefaultTextSize>
      <selectedIndex>-1</selectedIndex>
    </control>
    <control controlID="E8ACE9C4-2ECE-4F10-B1BF-F2CD2DB90E09" controlTypeID="__group__" x="10" y="142" w="321" h="29" zOrder="3">
      <groupChildrenDescriptors>
        <control controlID="359CF254-74C3-4B69-9C76-75378EA67AA8" controlTypeID="Line" x="0" y="27" w="321" h="2" zOrder="0">
          <font family="Segoe+UI" displayName="Segoe+UI" postScript="" weightStyle="Normal" weight="400" isBold="False" isItalic="False"/>
          <textColor>4294967295</textColor>
          <textSize>14</textSize>
          <lineSpacing>0</lineSpacing>
          <selectedIndex>-1</selectedIndex>
          <controlPoint>(160,1)</controlPoint>
          <startPoint>(0,1)</startPoint>
          <endPoint>(321,1)</endPoint>
        </control>
        <control controlID="6685CCC1-1FEA-40E6-8E06-111AC3938326" controlTypeID="TextArea" x="0" y="0" w="81" h="28" zOrder="1">
          <font family="Segoe+UI" displayName="Segoe+UI_%26_Bold" postScript="" weightStyle="Bold" weight="700" isBold="True" isItalic="False"/>
          <text>NOMBRE</text>
          <textColor>4294967295</textColor>
          <textStyles>[fsBold]</textStyles>
          <selectedIndex>-1</selectedIndex>
        </control>
      </groupChildrenDescriptors>
    </control>
    <control controlID="882AE6BA-5FDE-4D36-B599-D6657263936A" controlTypeID="PointyButton" x="36" y="584" w="305" h="56" zOrder="4">
      <borderColor>4294914918</borderColor>
      <links eventType="AtClick" animate="AmNone" animateAutoDelay="0" animateDuration="500">
        <link targetPageID="24755839-CA37-412E-AB99-3F04D2D570A1" linkType="ltPageLink" isApplyIncludePage="False" title="IAnfitrion">
          <area shape="0" alt="" ID="{BBF54995-8DEB-4B1F-9DFA-711559F47D6A}" coords="(0,0,305,56)"/>
        </link>
      </links>
      <font family="Segoe+UI" displayName="Segoe+UI_%26_Bold" postScript="" weightStyle="Bold" weight="700" isBold="True" isItalic="False"/>
      <text>FINALIZAR</text>
      <textColor>4294914918</textColor>
      <textSize>14</textSize>
      <lineSpacing>0</lineSpacing>
      <textStyles>[fsBold]</textStyles>
      <selectedIndex>-1</selectedIndex>
    </control>
    <control controlID="DDA9BC50-5451-4BCD-914E-9EC5F93F0F06" controlTypeID="Image" x="17" y="252" w="28" h="27" zOrder="5">
      <URL>951503B0C4368CFA0E903D5CEA6A015B.png</URL>
    </control>
    <control controlID="1900DC2D-C98B-47FE-AA00-F31C0FE17308" controlTypeID="Image" x="16" y="227" w="28" h="27" zOrder="6">
      <URL>DF5BEB1F472CB8A14FE07B5BE260D462.png</URL>
    </control>
    <control controlID="02A4EC92-2ADB-41A5-985F-9B2910C08B6A" controlTypeID="TextArea" x="31" y="226" w="310" h="59" zOrder="7">
      <font family="Segoe+UI" displayName="Segoe+UI+Negrita" postScript="" weightStyle="Negrita" weight="700" isBold="False" isItalic="False"/>
      <text>+++++4+hu%C3%A9spedes+++++++++1+dormitorio%0D%0A+++++2+camas++++++++++++++++1+ba%C3%B1o</text>
      <textColor>4291611852</textColor>
      <textSize>16</textSize>
      <lineSpacingMultiple>1.20000004768372</lineSpacingMultiple>
      <useDefaultTextSize>False</useDefaultTextSize>
      <selectedIndex>-1</selectedIndex>
    </control>
    <control controlID="9C176EE0-1FFA-40BF-AB92-A32271701FE7" controlTypeID="Icon" x="157" y="226" w="28" h="28" zOrder="8">
      <color>4278190080</color>
      <icon>
        <ID/>
        <iconFontName>jdFontAwesome</iconFontName>
        <iconCode>62006</iconCode>
      </icon>
      <URL>C88885CBAE6550C7389BC3AA5EE2B5DE.svg</URL>
    </control>
    <control controlID="B74234EB-5CB1-4529-8DC0-1DF07997DA46" controlTypeID="Image" x="158" y="253" w="27" h="27" zOrder="9">
      <URL>43BAF16D6FC23098DB0ADEC98A497426.png</URL>
    </control>
  </controls>
  <param>
    <backgroundColor>4294914918</backgroundColor>
    <fontSize>14</fontSize>
    <fontFamily>Segoe+UI</fontFamily>
    <guideLines/>
  </param>
</mockup>