﻿<mockup version="5.3" minAllowVersion="5.3" ID="BAEA970F-6CCE-44DA-8B10-77A9001D2B80" platform="MtMobile" defaultW="375" defaultH="667" measureW="375" measureH="667" screenOrientation="MoPortrait" mobileScreenScale="1.77777779102325" clipArea="(0,0,0,0)">
  <controls controlCount="8">
    <control controlID="82996802-0C50-4F83-B644-FE819D83573D" controlTypeID="Image" x="0" y="0" w="376" h="365" zOrder="0">
      <opacity>0.200000002980232</opacity>
      <URL>FD5CF7838E7C00CBBC5B6A0AD4A370CC.jpg</URL>
    </control>
    <control controlID="EB1D2E3C-3590-439F-B030-7A1BD57FD0F8" controlTypeID="Button" x="20" y="375" w="345" h="43" zOrder="1">
      <links eventType="AtClick" animate="AmNone" animateAutoDelay="0" animateDuration="500">
        <link targetPageID="7B1338DC-7836-497E-8A2C-0A82ADC2417F" linkType="ltPageLink" isApplyIncludePage="False" title="Agregar+Lugar+Turistico">
          <area shape="0" alt="" ID="{F43502CF-A397-4848-9A27-8FA94187476C}" coords="(0,0,345,43)"/>
        </link>
      </links>
      <font family="Segoe+UI" displayName="Segoe+UI" postScript="" weightStyle="Normal" weight="400" isBold="False" isItalic="False"/>
      <text>AGREGAR+LUGAR+TURISTICO</text>
      <textColor>4294914918</textColor>
      <lineSpacing>0</lineSpacing>
      <selectedIndex>-1</selectedIndex>
    </control>
    <control controlID="FBB413BA-F1AD-4197-95AA-D706C888A6BA" controlTypeID="Button" x="20" y="481" w="345" h="43" zOrder="2">
      <links eventType="AtClick" animate="AmNone" animateAutoDelay="0" animateDuration="500">
        <link targetPageID="EA5C7403-7F9A-4FB9-9825-221341F7FACF" linkType="ltPageLink" isApplyIncludePage="False" title="Eliminar+lugar+turistico">
          <area shape="0" alt="" ID="{F43502CF-A397-4848-9A27-8FA94187476C}" coords="(0,0,345,43)"/>
        </link>
      </links>
      <font family="Segoe+UI" displayName="Segoe+UI" postScript="" weightStyle="Normal" weight="400" isBold="False" isItalic="False"/>
      <text>BORRAR+LUGAR+TURISTICO</text>
      <textColor>4294914918</textColor>
      <lineSpacing>0</lineSpacing>
      <selectedIndex>-1</selectedIndex>
    </control>
    <control controlID="F9C01286-002B-4714-AB35-51449DC8DA11" controlTypeID="Button" x="20" y="428" w="345" h="43" zOrder="3">
      <links eventType="AtClick" animate="AmNone" animateAutoDelay="0" animateDuration="500">
        <link targetPageID="7B1338DC-7836-497E-8A2C-0A82ADC2417F" linkType="ltPageLink" isApplyIncludePage="False" title="Agregar+Lugar+Turistico">
          <area shape="0" alt="" ID="{F43502CF-A397-4848-9A27-8FA94187476C}" coords="(0,0,345,43)"/>
        </link>
      </links>
      <font family="Segoe+UI" displayName="Segoe+UI" postScript="" weightStyle="Normal" weight="400" isBold="False" isItalic="False"/>
      <text>EDITAR+LUGAR+TURISTICO</text>
      <textColor>4294914918</textColor>
      <lineSpacing>0</lineSpacing>
      <selectedIndex>-1</selectedIndex>
    </control>
    <control controlID="3BD9D0C4-0FF5-4D62-AB71-3A0F0D590301" controlTypeID="Button" x="20" y="610" w="345" h="37" zOrder="4">
      <links eventType="AtClick" animate="AmNone" animateAutoDelay="0" animateDuration="500">
        <link targetPageID="FF4BBB6F-3DA3-46CF-953C-524927FDD622" linkType="ltPageLink" isApplyIncludePage="False" title="Home">
          <area shape="0" alt="" ID="{F43502CF-A397-4848-9A27-8FA94187476C}" coords="(0,0,345,37)"/>
        </link>
      </links>
      <font family="Segoe+UI" displayName="Segoe+UI" postScript="" weightStyle="Normal" weight="400" isBold="False" isItalic="False"/>
      <text>CERRAR+SESION</text>
      <textColor>4294914918</textColor>
      <lineSpacing>0</lineSpacing>
      <selectedIndex>-1</selectedIndex>
    </control>
    <control controlID="243E8E13-A516-421C-A9D0-C45A7DDA563A" controlTypeID="Icon" x="108" y="86" w="161" h="161" zOrder="5">
      <color>4278190080</color>
      <icon>
        <ID/>
        <iconFontName>jdiconfontB</iconFontName>
        <iconCode>59648</iconCode>
      </icon>
      <URL>42CF9E031360EBC09387427849BF6328.svg</URL>
    </control>
    <control controlID="39A66133-8FF1-4B62-BDF8-1E112DAD3B09" controlTypeID="Icon" x="314" y="20" w="51" h="51" zOrder="6">
      <links eventType="AtClick" animate="AmNone" animateAutoDelay="0" animateDuration="500">
        <link targetPageID="2AE00A74-472E-4368-B3CF-336C46FAA9A3" linkType="ltPageLink" isApplyIncludePage="False" title="Editar">
          <area shape="0" alt="" ID="{F8E2CE41-F610-48D8-AFE8-A594E1D1147C}" coords="(0,0,51,51)"/>
        </link>
      </links>
      <icon>
        <ID/>
        <iconFontName>jdIonicons</iconFontName>
        <iconCode>62334</iconCode>
      </icon>
      <URL>69A4D1E5CE13432C6A4F579026917C6A.svg</URL>
    </control>
    <control controlID="4C97A3FD-BA8E-4191-8F70-060058145AEE" controlTypeID="Label" x="22" y="269" w="332" h="43" zOrder="7">
      <font family="Segoe+UI" displayName="Segoe+UI" postScript="" weightStyle="Normal" weight="400" isBold="False" isItalic="False"/>
      <text>Nombre+del+Propietario</text>
      <textSize>32</textSize>
      <lineSpacing>0</lineSpacing>
      <useDefaultTextSize>False</useDefaultTextSize>
      <selectedIndex>-1</selectedIndex>
    </control>
  </controls>
  <param>
    <backgroundColor>4294914918</backgroundColor>
    <fontSize>14</fontSize>
    <fontFamily>Segoe+UI</fontFamily>
    <guideLines/>
  </param>
</mockup>