﻿<mockup version="5.3" minAllowVersion="5.3" ID="C2BC9B56-4D77-488D-9F1A-FE42C84723E3" platform="MtMobile" defaultW="375" defaultH="667" measureW="375" measureH="667" screenOrientation="MoPortrait" mobileScreenScale="1.77777779102325" clipArea="(0,0,0,0)">
  <controls controlCount="14">
    <control controlID="79BCE20F-119F-4CC9-92AB-2783DEA84E43" controlTypeID="Image" x="0" y="-4" w="375" h="126" zOrder="0">
      <opacity>0.400000005960464</opacity>
      <URL>8E021F319EFB0FAB66CEDD121D1F544F.jpg</URL>
    </control>
    <control controlID="A2D7DA8F-159E-415F-9EB8-FD9900577EF1" controlTypeID="TextArea" x="10" y="10" w="255" h="85" zOrder="1">
      <font family="Segoe+UI" displayName="Segoe+UI" postScript="" weightStyle="Normal" weight="400" isBold="False" isItalic="False"/>
      <text>Hospedado+por+Benoit+%26+Johanna</text>
      <textColor>4294967295</textColor>
      <textSize>32</textSize>
      <useDefaultTextSize>False</useDefaultTextSize>
      <selectedIndex>-1</selectedIndex>
    </control>
    <control controlID="E528D99F-12B4-42F6-A96B-BFC8A98B6A54" controlTypeID="Image" x="275" y="12" w="90" h="81" zOrder="2">
      <clipShapeType>SbEllipse</clipShapeType>
      <URL>E3B2C1C8BDAF8C08E7BA3797633AD204.jpg</URL>
    </control>
    <control controlID="3896888D-1F9C-4014-8483-EFCA50E0CEEB" controlTypeID="TextArea" x="4" y="132" w="355" h="66" zOrder="3">
      <font family="Segoe+UI" displayName="Segoe+UI" postScript="" weightStyle="Normal" weight="400" isBold="False" isItalic="False"/>
      <text>Bogot%C3%A1%2C+Colombia+%C2%B7+Se+registr%C3%B3+en+Marzo+de+2011</text>
      <textColor>4294967295</textColor>
      <textSize>16</textSize>
      <textAlign>HaCenter</textAlign>
      <useDefaultTextSize>False</useDefaultTextSize>
      <selectedIndex>-1</selectedIndex>
    </control>
    <control controlID="B78DBC44-95CB-42CD-B649-D6F73782CA14" controlTypeID="Icon" x="14" y="161" w="24" h="24" zOrder="4">
      <color>4291611852</color>
      <icon>
        <ID/>
        <iconFontName>jdIonicons</iconFontName>
        <iconCode>62204</iconCode>
      </icon>
      <URL>7368E932054EB35095B123FCB5C28A31.svg</URL>
    </control>
    <control controlID="AEC67E4C-3336-428C-A045-8C6B1F7F44F1" controlTypeID="TextArea" x="38" y="161" w="240" h="24" zOrder="5">
      <color>13421772</color>
      <font family="Segoe+UI" displayName="Segoe+UI" postScript="" weightStyle="Normal" weight="400" isBold="False" isItalic="False"/>
      <text>190+evaluaciones%0D%0A</text>
      <textColor>4294967295</textColor>
      <textSize>16</textSize>
      <useDefaultTextSize>False</useDefaultTextSize>
      <selectedIndex>-1</selectedIndex>
    </control>
    <control controlID="AD6CA5D2-1076-442D-8A91-B043A512C0FB" controlTypeID="Icon" x="180" y="161" w="24" h="24" zOrder="6">
      <color>4291611852</color>
      <icon>
        <ID/>
        <iconFontName>jdIcoFont</iconFontName>
        <iconCode>58908</iconCode>
      </icon>
      <URL>F5B0FFCDE2455616FF86122E2451CBB6.svg</URL>
    </control>
    <control controlID="F127EB73-676A-43FE-BA6D-552AC1B44F64" controlTypeID="TextArea" x="214" y="161" w="240" h="24" zOrder="7">
      <color>13421772</color>
      <font family="Segoe+UI" displayName="Segoe+UI" postScript="" weightStyle="Normal" weight="400" isBold="False" isItalic="False"/>
      <text>Verificado</text>
      <textColor>4294967295</textColor>
      <textSize>16</textSize>
      <useDefaultTextSize>False</useDefaultTextSize>
      <selectedIndex>-1</selectedIndex>
    </control>
    <control controlID="8E6341D9-00C7-425F-BCDB-653AE7E78FDE" controlTypeID="TextArea" x="110" y="282" w="242" h="111" zOrder="8">
      <font family="Segoe+UI" displayName="Segoe+UI" postScript="" weightStyle="Normal" weight="400" isBold="False" isItalic="False"/>
      <text>Los+SuperAnfitriones+tienen+experiencia+y+muy+buenas+puntuaciones%2C+se+esfuerzan+por+que+sus+hu%C3%A9spedes+disfruten+de+estancias+inolvidables.</text>
      <textColor>4293190884</textColor>
      <textSize>16</textSize>
      <useDefaultTextSize>False</useDefaultTextSize>
      <selectedIndex>-1</selectedIndex>
    </control>
    <control controlID="D9BC3554-0A4B-4EE5-A839-FBA74B0CC2C9" controlTypeID="TextArea" x="110" y="213" w="238" h="66" zOrder="9">
      <font family="Segoe+UI" displayName="Segoe+UI+Negrita" postScript="" weightStyle="Negrita" weight="700" isBold="False" isItalic="False"/>
      <text>Benoit+%26+Johanna+es+un+SuperAnfitri%C3%B3n+</text>
      <textColor>4294967295</textColor>
      <textSize>20</textSize>
      <useDefaultTextSize>False</useDefaultTextSize>
      <selectedIndex>-1</selectedIndex>
    </control>
    <control controlID="A6260085-5E57-4C28-A821-D0C87BD616DF" controlTypeID="Line" x="12" y="408" w="345" h="1" zOrder="10">
      <font family="Segoe+UI" displayName="Segoe+UI" postScript="" weightStyle="Normal" weight="400" isBold="False" isItalic="False"/>
      <textSize>14</textSize>
      <lineSpacing>0</lineSpacing>
      <selectedIndex>-1</selectedIndex>
      <controlPoint>(173,0)</controlPoint>
      <startPoint>(1,0)</startPoint>
      <endPoint>(345,0)</endPoint>
    </control>
    <control controlID="4ECF7923-C709-4486-95A9-67AB0F5BC3FB" controlTypeID="TextArea" x="4" y="409" w="360" h="141" zOrder="11">
      <font family="Segoe+UI" displayName="Segoe+UI_%26_Bold" postScript="" weightStyle="Bold" weight="700" isBold="True" isItalic="False"/>
      <text>Idiomas%3A+English%2C+Espa%C3%B1ol%2C+Fran%C3%A7ais%0D%0A%C3%8Dndice+de+respuesta%3A+100%25%0D%0ATiempo+de+respuesta%3A+en+menos+de+una+hora</text>
      <textColor>4294111986</textColor>
      <textSize>18</textSize>
      <lineSpacingMultiple>1.29999995231628</lineSpacingMultiple>
      <textStyles>[fsBold]</textStyles>
      <useDefaultTextSize>False</useDefaultTextSize>
      <selectedIndex>-1</selectedIndex>
    </control>
    <control controlID="F1789223-3B45-4F9E-A46B-D38114E82D68" controlTypeID="Image" x="4" y="213" w="100" h="150" zOrder="12">
      <URL>A037226386BDB5B242411B8F0B643A28.png</URL>
    </control>
    <control controlID="296C85FE-2F6B-4EC9-88AB-91451E3C1C0C" controlTypeID="PointyButton" x="32" y="569" w="305" h="42" zOrder="13">
      <borderColor>4294914918</borderColor>
      <font family="Segoe+UI" displayName="Segoe+UI_%26_Bold" postScript="" weightStyle="Bold" weight="700" isBold="True" isItalic="False"/>
      <text>Contacta+al+anfitrion</text>
      <textColor>4294914918</textColor>
      <textSize>20</textSize>
      <lineSpacing>0</lineSpacing>
      <textStyles>[fsBold]</textStyles>
      <useDefaultTextSize>False</useDefaultTextSize>
      <selectedIndex>-1</selectedIndex>
    </control>
  </controls>
  <param>
    <backgroundColor>4294914918</backgroundColor>
    <fontSize>14</fontSize>
    <fontFamily>Segoe+UI</fontFamily>
    <guideLines/>
  </param>
</mockup>