﻿<mockup version="5.3" minAllowVersion="5.3" ID="CF26A424-4213-4ABB-AAA1-6C8234FC2E67" platform="MtMobile" defaultW="375" defaultH="667" measureW="375" measureH="667" screenOrientation="MoPortrait" mobileScreenScale="1.77777779102325" clipArea="(0,0,0,0)">
  <controls controlCount="2">
    <control controlID="C5E250A5-4868-491B-8298-2E04FC39D8D2" controlTypeID="TextArea" x="10" y="18" w="321" h="128" zOrder="0">
      <font family="Segoe+UI" displayName="Segoe+UI_%26_Bold" postScript="" weightStyle="Bold" weight="700" isBold="True" isItalic="False"/>
      <text>HISTORIAL+DE+RESERVAS</text>
      <textColor>4294967295</textColor>
      <textSize>32</textSize>
      <textStyles>[fsBold]</textStyles>
      <useDefaultTextSize>False</useDefaultTextSize>
      <selectedIndex>-1</selectedIndex>
    </control>
    <control controlID="5D3AFCC0-64A6-4A3F-87F8-79B020619E6F" controlTypeID="TableView" x="10" y="130" w="345" h="485" zOrder="1">
      <links eventType="AtClick" animate="AmNone" animateAutoDelay="0" animateDuration="500">
        <link targetPageID="51BB6B74-A3EC-4FA3-9BEB-3E0DE39AE3B7" linkType="ltPageLink" isApplyIncludePage="False" title="Reserva1+13-09-18-%3E">
          <area shape="0" alt="" ID="{97162623-0FFB-4D40-8F0E-EA4C0A45F9EA}" coords="(1,1,344,37)"/>
        </link>
        <link targetPageID="51BB6B74-A3EC-4FA3-9BEB-3E0DE39AE3B7" linkType="ltPageLink" isApplyIncludePage="False" title="Reserva2+13-09-18-%3E">
          <area shape="0" alt="" ID="{3F023279-280E-4B2D-B9DE-B968188D6E6F}" coords="(1,37,344,73)"/>
        </link>
        <link targetPageID="51BB6B74-A3EC-4FA3-9BEB-3E0DE39AE3B7" linkType="ltPageLink" isApplyIncludePage="False" title="Reserva3+13-09-18-%3E">
          <area shape="0" alt="" ID="{28DA5041-CA33-4B05-BA2E-DBAD9BAF5728}" coords="(1,73,344,109)"/>
        </link>
        <link targetPageID="51BB6B74-A3EC-4FA3-9BEB-3E0DE39AE3B7" linkType="ltPageLink" isApplyIncludePage="False" title="Reserva4+13-09-18-%3E+">
          <area shape="0" alt="" ID="{33232CA5-0547-44B8-AC47-9D10015B7779}" coords="(1,109,344,145)"/>
        </link>
        <link targetPageID="51BB6B74-A3EC-4FA3-9BEB-3E0DE39AE3B7" linkType="ltPageLink" isApplyIncludePage="False" title="Reserva5+13-09-18-%3E">
          <area shape="0" alt="" ID="{E33CE279-7047-4450-A560-AA059D52D3C6}" coords="(1,145,344,181)"/>
        </link>
        <link targetPageID="51BB6B74-A3EC-4FA3-9BEB-3E0DE39AE3B7" linkType="ltPageLink" isApplyIncludePage="False" title="Reserva6+13-09-18-%3E">
          <area shape="0" alt="" ID="{E4DCB7B9-BA92-4273-9384-3AF3C14238C6}" coords="(1,181,344,217)"/>
        </link>
        <link targetPageID="51BB6B74-A3EC-4FA3-9BEB-3E0DE39AE3B7" linkType="ltPageLink" isApplyIncludePage="False" title="Reserva7+13-09-18-%3E">
          <area shape="0" alt="" ID="{2DC1C396-053A-44C3-B269-617EF3CAF843}" coords="(1,217,344,253)"/>
        </link>
        <link targetPageID="51BB6B74-A3EC-4FA3-9BEB-3E0DE39AE3B7" linkType="ltPageLink" isApplyIncludePage="False" title="Reserva8+13-09-18-%3E">
          <area shape="0" alt="" ID="{D9847895-D29B-4970-AD52-76CFD024513B}" coords="(1,253,344,289)"/>
        </link>
        <link targetPageID="51BB6B74-A3EC-4FA3-9BEB-3E0DE39AE3B7" linkType="ltPageLink" isApplyIncludePage="False" title="Reserva9+13-09-18-%3E">
          <area shape="0" alt="" ID="{EA8E949F-7B17-4147-8A54-5336EB08D106}" coords="(1,289,344,325)"/>
        </link>
        <link targetPageID="51BB6B74-A3EC-4FA3-9BEB-3E0DE39AE3B7" linkType="ltPageLink" isApplyIncludePage="False" title="Reserva10+13-09-18-%3E">
          <area shape="0" alt="" ID="{765BA72D-4EBC-4C3D-948A-E02CA5FFE8E4}" coords="(1,325,344,361)"/>
        </link>
        <link targetPageID="51BB6B74-A3EC-4FA3-9BEB-3E0DE39AE3B7" linkType="ltPageLink" isApplyIncludePage="False" title="Reserva11+13-09-18-%3E">
          <area shape="0" alt="" ID="{69FE9F27-808D-4593-9C38-403B58341A9F}" coords="(1,361,344,397)"/>
        </link>
        <link targetPageID="51BB6B74-A3EC-4FA3-9BEB-3E0DE39AE3B7" linkType="ltPageLink" isApplyIncludePage="False" title="Reserva12+13-09-18-%3E">
          <area shape="0" alt="" ID="{E8FD3528-57DE-4699-B314-8C299B8C6821}" coords="(1,397,344,433)"/>
        </link>
        <link targetPageID="51BB6B74-A3EC-4FA3-9BEB-3E0DE39AE3B7" linkType="ltPageLink" isApplyIncludePage="False" title="Reserva13+13-09-18-%3E">
          <area shape="0" alt="" ID="{B2EDAF0A-910B-41D2-A82E-E589A53697FC}" coords="(1,433,344,469)"/>
        </link>
      </links>
      <font family="Segoe+UI" displayName="Segoe+UI" postScript="" weightStyle="Normal" weight="400" isBold="False" isItalic="False"/>
      <text>Reserva1+13-09-18-%3E%0D%0AReserva2+13-09-18-%3E%0D%0AReserva3+13-09-18-%3E%0D%0AReserva4+13-09-18-%3E+%0D%0AReserva5+13-09-18-%3E%0D%0AReserva6+13-09-18-%3E%0D%0AReserva7+13-09-18-%3E%0D%0AReserva8+13-09-18-%3E%0D%0AReserva9+13-09-18-%3E%0D%0AReserva10+13-09-18-%3E%0D%0AReserva11+13-09-18-%3E%0D%0AReserva12+13-09-18-%3E%0D%0AReserva13+13-09-18-%3E</text>
      <textSize>20</textSize>
      <lineSpacing>0</lineSpacing>
      <useDefaultTextSize>False</useDefaultTextSize>
    </control>
  </controls>
  <param>
    <backgroundColor>4294914918</backgroundColor>
    <fontSize>14</fontSize>
    <fontFamily>Segoe+UI</fontFamily>
    <guideLines/>
  </param>
</mockup>