﻿<mockup version="5.3" minAllowVersion="5.3" ID="D2850252-546D-4F0F-9E67-613351438C4B" platform="MtMobile" defaultW="375" defaultH="667" measureW="375" measureH="667" screenOrientation="MoPortrait" mobileScreenScale="1.77777779102325" clipArea="(0,0,0,0)">
  <controls controlCount="87">
    <control controlID="B6DB576C-397D-49ED-A825-559696CE50CA" controlTypeID="ScrollView" x="-4" y="0" w="379" h="667" zOrder="0">
      <color>16777215</color>
      <borderVisible>False</borderVisible>
      <groupChildrenDescriptors>
        <control controlID="9F368FE8-BDA2-455E-9986-6C7E586EFD0D" controlTypeID="ScrollViewContentPanel" x="0" y="0" w="384" h="972" zOrder="0">
          <alias>contentPanel</alias>
          <groupChildrenDescriptors>
            <control controlID="47E12986-3BA6-43BE-AA50-C6808DD2B237" controlTypeID="Image" x="2" y="0" w="382" h="96" zOrder="0">
              <opacity>0.200000002980232</opacity>
              <URL>85C8C8644BFE51FF91D2CFFB5574D9CB.png</URL>
            </control>
            <control controlID="E35D6286-3FBB-44DE-85FB-4D44907AFE59" controlTypeID="__group__" x="6" y="13" w="367" h="212" zOrder="1">
              <groupChildrenDescriptors>
                <control controlID="1C72AA0E-316A-4208-B017-ADAA1D3D6570" controlTypeID="Label" x="0" y="0" w="332" h="43" zOrder="0">
                  <font family="Segoe+UI" displayName="Segoe+UI" postScript="" weightStyle="Normal" weight="400" isBold="False" isItalic="False"/>
                  <text>The+Round+Villa+(Bogor)</text>
                  <textColor>4294967295</textColor>
                  <textSize>32</textSize>
                  <textAlign>HaCenter</textAlign>
                  <lineSpacing>0</lineSpacing>
                  <useDefaultTextSize>False</useDefaultTextSize>
                  <selectedIndex>-1</selectedIndex>
                </control>
                <control controlID="F33B7B12-6022-4B78-AA00-2B4A5C7DB0C0" controlTypeID="Line" x="4" y="79" w="363" h="2" zOrder="1">
                  <font family="Segoe+UI" displayName="Segoe+UI" postScript="" weightStyle="Normal" weight="400" isBold="False" isItalic="False"/>
                  <textSize>14</textSize>
                  <lineSpacing>0</lineSpacing>
                  <selectedIndex>-1</selectedIndex>
                  <controlPoint>(182,1)</controlPoint>
                  <startPoint>(0,1)</startPoint>
                  <endPoint>(363,1)</endPoint>
                </control>
                <control controlID="A0AA84A5-6E68-4270-A6A2-5C7CA844B6D5" controlTypeID="TextArea" x="4" y="39" w="226" h="32" zOrder="2">
                  <font family="Segoe+UI" displayName="Segoe+UI" postScript="" weightStyle="Normal" weight="400" isBold="False" isItalic="False"/>
                  <text>160+evaluaciones</text>
                  <textColor>4294967295</textColor>
                  <textSize>24</textSize>
                  <useDefaultTextSize>False</useDefaultTextSize>
                  <selectedIndex>-1</selectedIndex>
                </control>
                <control controlID="645561D8-DF37-45DD-96AB-91B8D57BED56" controlTypeID="TextArea" x="10" y="96" w="61" h="26" zOrder="3">
                  <font family="Segoe+UI" displayName="Segoe+UI" postScript="" weightStyle="Normal" weight="400" isBold="False" isItalic="False"/>
                  <text>Veracidad</text>
                  <textColor>4294967295</textColor>
                  <textSize>12</textSize>
                  <useDefaultTextSize>False</useDefaultTextSize>
                  <selectedIndex>-1</selectedIndex>
                </control>
                <control controlID="76DD7DE8-3652-4A8C-9AC2-D44EF5D05B6D" controlTypeID="TextArea" x="10" y="120" w="202" h="26" zOrder="4">
                  <font family="Segoe+UI" displayName="Segoe+UI" postScript="" weightStyle="Normal" weight="400" isBold="False" isItalic="False"/>
                  <text>Comunicaci%C3%B3n</text>
                  <textColor>4294967295</textColor>
                  <textSize>12</textSize>
                  <useDefaultTextSize>False</useDefaultTextSize>
                  <selectedIndex>-1</selectedIndex>
                </control>
                <control controlID="5F72607B-DE34-415D-8043-C41B270E42E4" controlTypeID="TextArea" x="10" y="144" w="202" h="26" zOrder="5">
                  <font family="Segoe+UI" displayName="Segoe+UI" postScript="" weightStyle="Normal" weight="400" isBold="False" isItalic="False"/>
                  <text>Limpieza</text>
                  <textColor>4294967295</textColor>
                  <textSize>12</textSize>
                  <useDefaultTextSize>False</useDefaultTextSize>
                  <selectedIndex>-1</selectedIndex>
                </control>
                <control controlID="F8346A91-FBF2-46C3-8954-9291913CDB37" controlTypeID="__group__" x="194" y="44" w="137" h="24" zOrder="6">
                  <groupChildrenDescriptors>
                    <control controlID="44E5C1C7-7627-4072-96A2-54DF1C8D3591" controlTypeID="Icon" x="0" y="0" w="24" h="24" zOrder="0">
                      <color>4294967040</color>
                      <icon>
                        <ID/>
                        <iconFontName>jdIonicons</iconFontName>
                        <iconCode>62204</iconCode>
                      </icon>
                      <URL>7368E932054EB35095B123FCB5C28A31.svg</URL>
                    </control>
                    <control controlID="A845616D-F03E-4B17-8E9E-F3772E56D0F5" controlTypeID="Icon" x="28" y="0" w="24" h="24" zOrder="1">
                      <color>4294967040</color>
                      <icon>
                        <ID/>
                        <iconFontName>jdIonicons</iconFontName>
                        <iconCode>62204</iconCode>
                      </icon>
                      <URL>7368E932054EB35095B123FCB5C28A31.svg</URL>
                    </control>
                    <control controlID="077F529F-A751-426D-B89C-8C0C6911EC5A" controlTypeID="Icon" x="56" y="0" w="24" h="24" zOrder="2">
                      <color>4294967040</color>
                      <icon>
                        <ID/>
                        <iconFontName>jdIonicons</iconFontName>
                        <iconCode>62204</iconCode>
                      </icon>
                      <URL>7368E932054EB35095B123FCB5C28A31.svg</URL>
                    </control>
                    <control controlID="F8CBC67C-CA70-4FD7-9B4D-AD292699665E" controlTypeID="Icon" x="84" y="0" w="24" h="24" zOrder="3">
                      <color>4294967040</color>
                      <icon>
                        <ID/>
                        <iconFontName>jdIonicons</iconFontName>
                        <iconCode>62204</iconCode>
                      </icon>
                      <URL>7368E932054EB35095B123FCB5C28A31.svg</URL>
                    </control>
                    <control controlID="A8CD3FA5-0323-4C63-B1D8-ED330061F290" controlTypeID="Icon" x="113" y="0" w="24" h="24" zOrder="4">
                      <color>4294967040</color>
                      <icon>
                        <ID/>
                        <iconFontName>jdIonicons</iconFontName>
                        <iconCode>62381</iconCode>
                      </icon>
                      <URL>C487087161B7AFAC4353A4C6F54A65A1.svg</URL>
                    </control>
                  </groupChildrenDescriptors>
                </control>
                <control controlID="6FD41EEC-1371-4F53-B53F-3EF9712F81B9" controlTypeID="__group__" x="95" y="96" w="94" h="14" zOrder="7">
                  <groupChildrenDescriptors>
                    <control controlID="28F8E0F9-C9E3-4D41-8421-23561783E702" controlTypeID="Icon" x="0" y="-2" w="16" h="16" zOrder="0">
                      <color>4294967040</color>
                      <icon>
                        <ID/>
                        <iconFontName>jdIonicons</iconFontName>
                        <iconCode>62204</iconCode>
                      </icon>
                      <URL>7368E932054EB35095B123FCB5C28A31.svg</URL>
                    </control>
                    <control controlID="C8033F96-3A85-4C97-B789-3612103FD086" controlTypeID="Icon" x="19" y="-2" w="16" h="16" zOrder="1">
                      <color>4294967040</color>
                      <icon>
                        <ID/>
                        <iconFontName>jdIonicons</iconFontName>
                        <iconCode>62204</iconCode>
                      </icon>
                      <URL>7368E932054EB35095B123FCB5C28A31.svg</URL>
                    </control>
                    <control controlID="EC7526A8-F433-4882-AE65-6A2D333A69C1" controlTypeID="Icon" x="38" y="-2" w="16" h="16" zOrder="2">
                      <color>4294967040</color>
                      <icon>
                        <ID/>
                        <iconFontName>jdIonicons</iconFontName>
                        <iconCode>62204</iconCode>
                      </icon>
                      <URL>7368E932054EB35095B123FCB5C28A31.svg</URL>
                    </control>
                    <control controlID="E7DD085E-79EB-45A4-A84B-16CC55E1CE1F" controlTypeID="Icon" x="58" y="-2" w="16" h="16" zOrder="3">
                      <color>4294967040</color>
                      <icon>
                        <ID/>
                        <iconFontName>jdIonicons</iconFontName>
                        <iconCode>62204</iconCode>
                      </icon>
                      <URL>7368E932054EB35095B123FCB5C28A31.svg</URL>
                    </control>
                    <control controlID="11F274D7-5A34-4B1B-8DB4-1AF04006C85E" controlTypeID="Icon" x="78" y="-2" w="16" h="16" zOrder="4">
                      <color>4294967040</color>
                      <icon>
                        <ID/>
                        <iconFontName>jdIonicons</iconFontName>
                        <iconCode>62381</iconCode>
                      </icon>
                      <URL>C487087161B7AFAC4353A4C6F54A65A1.svg</URL>
                    </control>
                  </groupChildrenDescriptors>
                </control>
                <control controlID="81F6538C-ACE7-4689-9072-24D3B166C57B" controlTypeID="__group__" x="95" y="120" w="94" h="14" zOrder="8">
                  <groupChildrenDescriptors>
                    <control controlID="AF547CD6-C0D6-4843-B152-7A5C3AB08B98" controlTypeID="Icon" x="0" y="-2" w="16" h="16" zOrder="0">
                      <color>4294967040</color>
                      <icon>
                        <ID/>
                        <iconFontName>jdIonicons</iconFontName>
                        <iconCode>62204</iconCode>
                      </icon>
                      <URL>7368E932054EB35095B123FCB5C28A31.svg</URL>
                    </control>
                    <control controlID="0BB53E2C-5879-438F-8217-FB5534BD2FA4" controlTypeID="Icon" x="19" y="-2" w="16" h="16" zOrder="1">
                      <color>4294967040</color>
                      <icon>
                        <ID/>
                        <iconFontName>jdIonicons</iconFontName>
                        <iconCode>62204</iconCode>
                      </icon>
                      <URL>7368E932054EB35095B123FCB5C28A31.svg</URL>
                    </control>
                    <control controlID="318FBD44-1E97-49B2-B109-08653C9F164C" controlTypeID="Icon" x="38" y="-2" w="16" h="16" zOrder="2">
                      <color>4294967040</color>
                      <icon>
                        <ID/>
                        <iconFontName>jdIonicons</iconFontName>
                        <iconCode>62204</iconCode>
                      </icon>
                      <URL>7368E932054EB35095B123FCB5C28A31.svg</URL>
                    </control>
                    <control controlID="4CA31A82-8812-4752-A710-D24B4E831D9E" controlTypeID="Icon" x="58" y="-2" w="16" h="16" zOrder="3">
                      <color>4294967040</color>
                      <icon>
                        <ID/>
                        <iconFontName>jdIonicons</iconFontName>
                        <iconCode>62204</iconCode>
                      </icon>
                      <URL>7368E932054EB35095B123FCB5C28A31.svg</URL>
                    </control>
                    <control controlID="E64C8223-35EC-4248-A971-08DD5B921717" controlTypeID="Icon" x="78" y="-2" w="16" h="16" zOrder="4">
                      <color>4294967040</color>
                      <icon>
                        <ID/>
                        <iconFontName>jdIonicons</iconFontName>
                        <iconCode>62381</iconCode>
                      </icon>
                      <URL>C487087161B7AFAC4353A4C6F54A65A1.svg</URL>
                    </control>
                  </groupChildrenDescriptors>
                </control>
                <control controlID="3D458B62-8C35-40F2-B2AA-9D6BF81CD49F" controlTypeID="__group__" x="95" y="144" w="94" h="14" zOrder="9">
                  <groupChildrenDescriptors>
                    <control controlID="99413445-9A1B-4FB1-A544-FB82647C7D9A" controlTypeID="Icon" x="0" y="-2" w="16" h="16" zOrder="0">
                      <color>4294967040</color>
                      <icon>
                        <ID/>
                        <iconFontName>jdIonicons</iconFontName>
                        <iconCode>62204</iconCode>
                      </icon>
                      <URL>7368E932054EB35095B123FCB5C28A31.svg</URL>
                    </control>
                    <control controlID="4C13A970-283A-44E0-B429-C22325A3A0C8" controlTypeID="Icon" x="19" y="-2" w="16" h="16" zOrder="1">
                      <color>4294967040</color>
                      <icon>
                        <ID/>
                        <iconFontName>jdIonicons</iconFontName>
                        <iconCode>62204</iconCode>
                      </icon>
                      <URL>7368E932054EB35095B123FCB5C28A31.svg</URL>
                    </control>
                    <control controlID="35E064DE-0B5D-497E-B6C1-73A79D3EFECC" controlTypeID="Icon" x="38" y="-2" w="16" h="16" zOrder="2">
                      <color>4294967040</color>
                      <icon>
                        <ID/>
                        <iconFontName>jdIonicons</iconFontName>
                        <iconCode>62204</iconCode>
                      </icon>
                      <URL>7368E932054EB35095B123FCB5C28A31.svg</URL>
                    </control>
                    <control controlID="2EB08E47-37EE-4CBF-AC1E-31883DDD625D" controlTypeID="Icon" x="58" y="-2" w="16" h="16" zOrder="3">
                      <color>4294967040</color>
                      <icon>
                        <ID/>
                        <iconFontName>jdIonicons</iconFontName>
                        <iconCode>62204</iconCode>
                      </icon>
                      <URL>7368E932054EB35095B123FCB5C28A31.svg</URL>
                    </control>
                    <control controlID="A3B33BD9-53F5-43B9-938F-E3CB1C138A93" controlTypeID="Icon" x="78" y="-2" w="16" h="16" zOrder="4">
                      <color>4294967040</color>
                      <icon>
                        <ID/>
                        <iconFontName>jdIonicons</iconFontName>
                        <iconCode>62381</iconCode>
                      </icon>
                      <URL>C487087161B7AFAC4353A4C6F54A65A1.svg</URL>
                    </control>
                  </groupChildrenDescriptors>
                </control>
                <control controlID="56778298-7A5D-4FCB-82B7-3F8814B70B2B" controlTypeID="__group__" x="271" y="96" w="94" h="14" zOrder="10">
                  <groupChildrenDescriptors>
                    <control controlID="42EA6FCF-0D75-4785-AA92-DD69AA23862A" controlTypeID="Icon" x="0" y="-2" w="16" h="16" zOrder="0">
                      <color>4294967040</color>
                      <icon>
                        <ID/>
                        <iconFontName>jdIonicons</iconFontName>
                        <iconCode>62204</iconCode>
                      </icon>
                      <URL>7368E932054EB35095B123FCB5C28A31.svg</URL>
                    </control>
                    <control controlID="99614AD9-91F8-4EC2-8789-BBE0B4899688" controlTypeID="Icon" x="19" y="-2" w="16" h="16" zOrder="1">
                      <color>4294967040</color>
                      <icon>
                        <ID/>
                        <iconFontName>jdIonicons</iconFontName>
                        <iconCode>62204</iconCode>
                      </icon>
                      <URL>7368E932054EB35095B123FCB5C28A31.svg</URL>
                    </control>
                    <control controlID="40BC9B17-1D0E-4624-9678-9AECB831C60F" controlTypeID="Icon" x="38" y="-2" w="16" h="16" zOrder="2">
                      <color>4294967040</color>
                      <icon>
                        <ID/>
                        <iconFontName>jdIonicons</iconFontName>
                        <iconCode>62204</iconCode>
                      </icon>
                      <URL>7368E932054EB35095B123FCB5C28A31.svg</URL>
                    </control>
                    <control controlID="C23FAEBF-3456-4B1C-89B8-1D3C519FB77B" controlTypeID="Icon" x="58" y="-2" w="16" h="16" zOrder="3">
                      <color>4294967040</color>
                      <icon>
                        <ID/>
                        <iconFontName>jdIonicons</iconFontName>
                        <iconCode>62204</iconCode>
                      </icon>
                      <URL>7368E932054EB35095B123FCB5C28A31.svg</URL>
                    </control>
                    <control controlID="49F0A89B-FA62-495B-A5A8-A8544DB1A3A4" controlTypeID="Icon" x="78" y="-2" w="16" h="16" zOrder="4">
                      <color>4294967040</color>
                      <icon>
                        <ID/>
                        <iconFontName>jdIonicons</iconFontName>
                        <iconCode>62381</iconCode>
                      </icon>
                      <URL>C487087161B7AFAC4353A4C6F54A65A1.svg</URL>
                    </control>
                  </groupChildrenDescriptors>
                </control>
                <control controlID="588DAFC7-A0DA-4DE1-9C40-84C85AD853FD" controlTypeID="__group__" x="271" y="120" w="94" h="14" zOrder="11">
                  <groupChildrenDescriptors>
                    <control controlID="99453C07-DF14-4510-897B-BDB310E93100" controlTypeID="Icon" x="0" y="-2" w="16" h="16" zOrder="0">
                      <color>4294967040</color>
                      <icon>
                        <ID/>
                        <iconFontName>jdIonicons</iconFontName>
                        <iconCode>62204</iconCode>
                      </icon>
                      <URL>7368E932054EB35095B123FCB5C28A31.svg</URL>
                    </control>
                    <control controlID="F41389C8-A8D9-4648-82DD-C089F1CE4303" controlTypeID="Icon" x="19" y="-2" w="16" h="16" zOrder="1">
                      <color>4294967040</color>
                      <icon>
                        <ID/>
                        <iconFontName>jdIonicons</iconFontName>
                        <iconCode>62204</iconCode>
                      </icon>
                      <URL>7368E932054EB35095B123FCB5C28A31.svg</URL>
                    </control>
                    <control controlID="9D330C6C-62AA-488A-AE44-990A4B25FA9B" controlTypeID="Icon" x="38" y="-2" w="16" h="16" zOrder="2">
                      <color>4294967040</color>
                      <icon>
                        <ID/>
                        <iconFontName>jdIonicons</iconFontName>
                        <iconCode>62204</iconCode>
                      </icon>
                      <URL>7368E932054EB35095B123FCB5C28A31.svg</URL>
                    </control>
                    <control controlID="E4045BB3-ED1A-44B2-8574-684BFC5CA6F0" controlTypeID="Icon" x="58" y="-2" w="16" h="16" zOrder="3">
                      <color>4294967040</color>
                      <icon>
                        <ID/>
                        <iconFontName>jdIonicons</iconFontName>
                        <iconCode>62204</iconCode>
                      </icon>
                      <URL>7368E932054EB35095B123FCB5C28A31.svg</URL>
                    </control>
                    <control controlID="902D8877-D3CC-4A72-90DD-8AD15DCEB4F2" controlTypeID="Icon" x="78" y="-2" w="16" h="16" zOrder="4">
                      <color>4294967040</color>
                      <icon>
                        <ID/>
                        <iconFontName>jdIonicons</iconFontName>
                        <iconCode>62381</iconCode>
                      </icon>
                      <URL>C487087161B7AFAC4353A4C6F54A65A1.svg</URL>
                    </control>
                  </groupChildrenDescriptors>
                </control>
                <control controlID="EF35D1F9-DE1C-41E9-85B5-2DA9F25FE7DE" controlTypeID="__group__" x="271" y="144" w="94" h="14" zOrder="12">
                  <groupChildrenDescriptors>
                    <control controlID="FA63E7BE-5C19-4287-8FD2-CD47E93ECCA4" controlTypeID="Icon" x="0" y="-2" w="16" h="16" zOrder="0">
                      <color>4294967040</color>
                      <icon>
                        <ID/>
                        <iconFontName>jdIonicons</iconFontName>
                        <iconCode>62204</iconCode>
                      </icon>
                      <URL>7368E932054EB35095B123FCB5C28A31.svg</URL>
                    </control>
                    <control controlID="02527D8E-B18F-4CF2-BCED-59B08F46106B" controlTypeID="Icon" x="19" y="-2" w="16" h="16" zOrder="1">
                      <color>4294967040</color>
                      <icon>
                        <ID/>
                        <iconFontName>jdIonicons</iconFontName>
                        <iconCode>62204</iconCode>
                      </icon>
                      <URL>7368E932054EB35095B123FCB5C28A31.svg</URL>
                    </control>
                    <control controlID="ACC2B0A8-AE63-487E-8C1E-6D43CEBF33D0" controlTypeID="Icon" x="38" y="-2" w="16" h="16" zOrder="2">
                      <color>4294967040</color>
                      <icon>
                        <ID/>
                        <iconFontName>jdIonicons</iconFontName>
                        <iconCode>62204</iconCode>
                      </icon>
                      <URL>7368E932054EB35095B123FCB5C28A31.svg</URL>
                    </control>
                    <control controlID="6EDB9E4F-2E30-4A00-8FFC-A8B4703BB7AE" controlTypeID="Icon" x="58" y="-2" w="16" h="16" zOrder="3">
                      <color>4294967040</color>
                      <icon>
                        <ID/>
                        <iconFontName>jdIonicons</iconFontName>
                        <iconCode>62204</iconCode>
                      </icon>
                      <URL>7368E932054EB35095B123FCB5C28A31.svg</URL>
                    </control>
                    <control controlID="9928E82E-670B-4906-BBAE-7D6585683E95" controlTypeID="Icon" x="78" y="-2" w="16" h="16" zOrder="4">
                      <color>4294967040</color>
                      <icon>
                        <ID/>
                        <iconFontName>jdIonicons</iconFontName>
                        <iconCode>62381</iconCode>
                      </icon>
                      <URL>C487087161B7AFAC4353A4C6F54A65A1.svg</URL>
                    </control>
                  </groupChildrenDescriptors>
                </control>
                <control controlID="2313CC82-BC65-4676-A66A-B3131CA1BD85" controlTypeID="TextArea" x="198" y="92" w="128" h="66" zOrder="13">
                  <font family="Segoe+UI" displayName="Segoe+UI" postScript="" weightStyle="Normal" weight="400" isBold="False" isItalic="False"/>
                  <text>Ubicaci%C3%B3n</text>
                  <textColor>4294967295</textColor>
                  <textSize>12</textSize>
                  <useDefaultTextSize>False</useDefaultTextSize>
                  <selectedIndex>-1</selectedIndex>
                </control>
                <control controlID="313E0AF3-894E-4B45-B793-A8FBBBD8342C" controlTypeID="TextArea" x="199" y="120" w="128" h="66" zOrder="14">
                  <font family="Segoe+UI" displayName="Segoe+UI" postScript="" weightStyle="Normal" weight="400" isBold="False" isItalic="False"/>
                  <text>Llegada</text>
                  <textColor>4294967295</textColor>
                  <textSize>12</textSize>
                  <useDefaultTextSize>False</useDefaultTextSize>
                  <selectedIndex>-1</selectedIndex>
                </control>
                <control controlID="46BEAE3B-5D8F-4A1C-A30C-92021CDE0918" controlTypeID="TextArea" x="199" y="146" w="157" h="66" zOrder="15">
                  <font family="Segoe+UI" displayName="Segoe+UI" postScript="" weightStyle="Normal" weight="400" isBold="False" isItalic="False"/>
                  <text>Calidad</text>
                  <textColor>4294967295</textColor>
                  <textSize>12</textSize>
                  <useDefaultTextSize>False</useDefaultTextSize>
                  <selectedIndex>-1</selectedIndex>
                </control>
              </groupChildrenDescriptors>
            </control>
            <control controlID="D73F1229-1F3E-4F90-9B4C-237DE4904F6C" controlTypeID="Repeater" x="20" y="190" w="345" h="770" zOrder="2">
              <color>16777215</color>
              <groupChildrenDescriptors>
                <control controlID="2ECB219E-501C-4815-AF30-682AED123A44" controlTypeID="RepeaterItem" x="0" y="0" w="345" h="138" zOrder="0" repeatID="90ABEFDE-E8B1-4C38-BDA7-3700F8C90364">
                  <canMove>False</canMove>
                  <groupChildrenDescriptors>
                    <control controlID="E49BB434-7CFD-49C7-9E9D-5BC445F343AD" controlTypeID="Image" x="2" y="3" w="55" h="54" zOrder="0" repeatID="62EB048A-F338-4A95-9A96-7C847CBCC043">
                      <clipShapeType>SbEllipse</clipShapeType>
                      <URL>62354FD9F505E0F380C5BF351347DF6B.jpg</URL>
                    </control>
                    <control controlID="407709B1-DC8D-41AB-BC1F-39438EB3C5C2" controlTypeID="TextArea" x="72" y="0" w="240" h="66" zOrder="1" repeatID="3737C9C2-2196-40E7-B849-7F8A6278BAF6">
                      <font family="Segoe+UI" displayName="Segoe+UI" postScript="" weightStyle="Normal" weight="400" isBold="False" isItalic="False"/>
                      <text>V%C3%ADctor</text>
                      <textColor>4294967295</textColor>
                      <textSize>20</textSize>
                      <useDefaultTextSize>False</useDefaultTextSize>
                      <selectedIndex>-1</selectedIndex>
                    </control>
                    <control controlID="DE4AE3EE-1C10-46AB-A983-169A61BFC8D6" controlTypeID="TextArea" x="72" y="29" w="240" h="66" zOrder="2" repeatID="668FCC1C-1D4B-4082-AADC-27544C6CE969">
                      <font family="Segoe+UI" displayName="Segoe+UI" postScript="" weightStyle="Normal" weight="400" isBold="False" isItalic="False"/>
                      <text>agosto+de+2017</text>
                      <textColor>4293190884</textColor>
                      <selectedIndex>-1</selectedIndex>
                    </control>
                    <control controlID="574C4CDC-B28F-4E42-8286-8F5B124148D1" controlTypeID="TextArea" x="0" y="62" w="345" h="76" zOrder="3" repeatID="AC9357FC-3790-4B57-A136-7D4E1DA0254F">
                      <font family="Segoe+UI" displayName="Segoe+UI" postScript="" weightStyle="Normal" weight="400" isBold="False" isItalic="False"/>
                      <text>Excelente+comunicaci%C3%B3n+con+los+anfitriones%2C+quienes+a+pesar+del+poco+tiempo+de+anticipaci%C3%B3n+con+que+solicit%C3%A9+la+reserva+la+aceptaron+y+dispusieron+lo+necesario+para+que+la+estad%C3%ADa+fuera+la+mejor.+La+casa+%E2%80%A6Leer+m%C3%A1s</text>
                      <textColor>4294967295</textColor>
                      <selectedIndex>-1</selectedIndex>
                    </control>
                    <control controlID="47DA7BFF-B7A8-4C3E-9ECE-409DF8F7B76F" controlTypeID="TextArea" x="38" y="542" w="240" h="66" zOrder="4" repeatID="C2AAE5C1-B1C1-4A57-912C-E1A6A3327271">
                      <font family="Segoe+UI" displayName="Segoe+UI" postScript="" weightStyle="Normal" weight="400" isBold="False" isItalic="False"/>
                      <text>In+sit+amet+condimentum+felis%2C+quis+finibus+sapien.+Nunc+felis+nisi%2C+pellentesque+accumsan+diam+ut%2C+accumsan+porta+turpis.+Pellentesque+maximus+nec+ipsum+id+condimentum.+Integer+consequat%2C+massa+eget+laoreet+scelerisque%2C+sapien+turpis+varius+urna%2C+et+tempor+justo+nisl+eu+lectus.+Mauris+vestibulum+nibh+id+tortor+varius%2C+vitae+dictum+tortor+maximus.+Fusce+vel+dignissim+turpis%2C+a+pulvinar+enim.+Sed+imperdiet+tellus+ac+ornare+semper.%0D%0A</text>
                      <selectedIndex>-1</selectedIndex>
                    </control>
                  </groupChildrenDescriptors>
                </control>
                <control controlID="2F35260B-438E-468C-B7D8-C7DA2E21DEDB" controlTypeID="RepeaterItem" x="0" y="158" w="345" h="138" zOrder="1" repeatID="90ABEFDE-E8B1-4C38-BDA7-3700F8C90364">
                  <canMove>False</canMove>
                  <groupChildrenDescriptors>
                    <control controlID="0F6A837A-2609-49AF-8775-B9DEE081D37F" controlTypeID="Image" x="2" y="3" w="55" h="54" zOrder="0" repeatID="62EB048A-F338-4A95-9A96-7C847CBCC043">
                      <clipShapeType>SbEllipse</clipShapeType>
                      <URL>62354FD9F505E0F380C5BF351347DF6B.jpg</URL>
                    </control>
                    <control controlID="E1D825D9-0983-4C89-890F-546877D0979F" controlTypeID="TextArea" x="72" y="0" w="240" h="66" zOrder="1" repeatID="3737C9C2-2196-40E7-B849-7F8A6278BAF6">
                      <font family="Segoe+UI" displayName="Segoe+UI" postScript="" weightStyle="Normal" weight="400" isBold="False" isItalic="False"/>
                      <text>V%C3%ADctor</text>
                      <textColor>4294967295</textColor>
                      <textSize>20</textSize>
                      <useDefaultTextSize>False</useDefaultTextSize>
                      <selectedIndex>-1</selectedIndex>
                    </control>
                    <control controlID="5065B828-EB48-4BD8-AF34-64440CBB45EC" controlTypeID="TextArea" x="72" y="29" w="240" h="66" zOrder="2" repeatID="668FCC1C-1D4B-4082-AADC-27544C6CE969">
                      <font family="Segoe+UI" displayName="Segoe+UI" postScript="" weightStyle="Normal" weight="400" isBold="False" isItalic="False"/>
                      <text>agosto+de+2017</text>
                      <textColor>4293190884</textColor>
                      <selectedIndex>-1</selectedIndex>
                    </control>
                    <control controlID="DFB5FEF9-1C38-468E-B805-DF17DCA4B932" controlTypeID="TextArea" x="0" y="62" w="345" h="76" zOrder="3" repeatID="AC9357FC-3790-4B57-A136-7D4E1DA0254F">
                      <font family="Segoe+UI" displayName="Segoe+UI" postScript="" weightStyle="Normal" weight="400" isBold="False" isItalic="False"/>
                      <text>Excelente+comunicaci%C3%B3n+con+los+anfitriones%2C+quienes+a+pesar+del+poco+tiempo+de+anticipaci%C3%B3n+con+que+solicit%C3%A9+la+reserva+la+aceptaron+y+dispusieron+lo+necesario+para+que+la+estad%C3%ADa+fuera+la+mejor.+La+casa+%E2%80%A6Leer+m%C3%A1s</text>
                      <textColor>4294967295</textColor>
                      <selectedIndex>-1</selectedIndex>
                    </control>
                    <control controlID="8FD92C85-EC6E-43FC-89D7-EB2EAA634793" controlTypeID="TextArea" x="38" y="542" w="240" h="66" zOrder="4" repeatID="C2AAE5C1-B1C1-4A57-912C-E1A6A3327271">
                      <font family="Segoe+UI" displayName="Segoe+UI" postScript="" weightStyle="Normal" weight="400" isBold="False" isItalic="False"/>
                      <text>In+sit+amet+condimentum+felis%2C+quis+finibus+sapien.+Nunc+felis+nisi%2C+pellentesque+accumsan+diam+ut%2C+accumsan+porta+turpis.+Pellentesque+maximus+nec+ipsum+id+condimentum.+Integer+consequat%2C+massa+eget+laoreet+scelerisque%2C+sapien+turpis+varius+urna%2C+et+tempor+justo+nisl+eu+lectus.+Mauris+vestibulum+nibh+id+tortor+varius%2C+vitae+dictum+tortor+maximus.+Fusce+vel+dignissim+turpis%2C+a+pulvinar+enim.+Sed+imperdiet+tellus+ac+ornare+semper.%0D%0A</text>
                      <selectedIndex>-1</selectedIndex>
                    </control>
                  </groupChildrenDescriptors>
                  <row>1</row>
                </control>
                <control controlID="58F9118F-EF63-44E4-933A-906ADC18E410" controlTypeID="RepeaterItem" x="0" y="316" w="345" h="138" zOrder="2" repeatID="90ABEFDE-E8B1-4C38-BDA7-3700F8C90364">
                  <canMove>False</canMove>
                  <groupChildrenDescriptors>
                    <control controlID="AD7C2B30-E3EB-4F3B-ACC7-9A7EDDFAA0BC" controlTypeID="Image" x="2" y="3" w="55" h="54" zOrder="0" repeatID="62EB048A-F338-4A95-9A96-7C847CBCC043">
                      <clipShapeType>SbEllipse</clipShapeType>
                      <URL>62354FD9F505E0F380C5BF351347DF6B.jpg</URL>
                    </control>
                    <control controlID="FA8EC828-0272-46C4-BA94-15D4E50A1E67" controlTypeID="TextArea" x="72" y="0" w="240" h="66" zOrder="1" repeatID="3737C9C2-2196-40E7-B849-7F8A6278BAF6">
                      <font family="Segoe+UI" displayName="Segoe+UI" postScript="" weightStyle="Normal" weight="400" isBold="False" isItalic="False"/>
                      <text>V%C3%ADctor</text>
                      <textColor>4294967295</textColor>
                      <textSize>20</textSize>
                      <useDefaultTextSize>False</useDefaultTextSize>
                      <selectedIndex>-1</selectedIndex>
                    </control>
                    <control controlID="4774880A-9CE7-4A44-9327-E4BA7A88891F" controlTypeID="TextArea" x="72" y="29" w="240" h="66" zOrder="2" repeatID="668FCC1C-1D4B-4082-AADC-27544C6CE969">
                      <font family="Segoe+UI" displayName="Segoe+UI" postScript="" weightStyle="Normal" weight="400" isBold="False" isItalic="False"/>
                      <text>agosto+de+2017</text>
                      <textColor>4293190884</textColor>
                      <selectedIndex>-1</selectedIndex>
                    </control>
                    <control controlID="79CC3E8F-A04E-46FE-AA35-F2EC7D157A19" controlTypeID="TextArea" x="0" y="62" w="345" h="76" zOrder="3" repeatID="AC9357FC-3790-4B57-A136-7D4E1DA0254F">
                      <font family="Segoe+UI" displayName="Segoe+UI" postScript="" weightStyle="Normal" weight="400" isBold="False" isItalic="False"/>
                      <text>Excelente+comunicaci%C3%B3n+con+los+anfitriones%2C+quienes+a+pesar+del+poco+tiempo+de+anticipaci%C3%B3n+con+que+solicit%C3%A9+la+reserva+la+aceptaron+y+dispusieron+lo+necesario+para+que+la+estad%C3%ADa+fuera+la+mejor.+La+casa+%E2%80%A6Leer+m%C3%A1s</text>
                      <textColor>4294967295</textColor>
                      <selectedIndex>-1</selectedIndex>
                    </control>
                    <control controlID="7EF1B2C4-5DE1-41E7-A7EF-D4A8689C606E" controlTypeID="TextArea" x="38" y="542" w="240" h="66" zOrder="4" repeatID="C2AAE5C1-B1C1-4A57-912C-E1A6A3327271">
                      <font family="Segoe+UI" displayName="Segoe+UI" postScript="" weightStyle="Normal" weight="400" isBold="False" isItalic="False"/>
                      <text>In+sit+amet+condimentum+felis%2C+quis+finibus+sapien.+Nunc+felis+nisi%2C+pellentesque+accumsan+diam+ut%2C+accumsan+porta+turpis.+Pellentesque+maximus+nec+ipsum+id+condimentum.+Integer+consequat%2C+massa+eget+laoreet+scelerisque%2C+sapien+turpis+varius+urna%2C+et+tempor+justo+nisl+eu+lectus.+Mauris+vestibulum+nibh+id+tortor+varius%2C+vitae+dictum+tortor+maximus.+Fusce+vel+dignissim+turpis%2C+a+pulvinar+enim.+Sed+imperdiet+tellus+ac+ornare+semper.%0D%0A</text>
                      <selectedIndex>-1</selectedIndex>
                    </control>
                  </groupChildrenDescriptors>
                  <row>2</row>
                </control>
                <control controlID="1CA592D6-822C-4856-9CA8-2D5268823C64" controlTypeID="RepeaterItem" x="0" y="474" w="345" h="138" zOrder="3" repeatID="90ABEFDE-E8B1-4C38-BDA7-3700F8C90364">
                  <canMove>False</canMove>
                  <groupChildrenDescriptors>
                    <control controlID="4B5F890D-A304-4BA8-8B11-DE9EC0934214" controlTypeID="Image" x="2" y="3" w="55" h="54" zOrder="0" repeatID="62EB048A-F338-4A95-9A96-7C847CBCC043">
                      <clipShapeType>SbEllipse</clipShapeType>
                      <URL>62354FD9F505E0F380C5BF351347DF6B.jpg</URL>
                    </control>
                    <control controlID="7434C075-4401-4C71-A55B-0E65AF1EABBF" controlTypeID="TextArea" x="72" y="0" w="240" h="66" zOrder="1" repeatID="3737C9C2-2196-40E7-B849-7F8A6278BAF6">
                      <font family="Segoe+UI" displayName="Segoe+UI" postScript="" weightStyle="Normal" weight="400" isBold="False" isItalic="False"/>
                      <text>V%C3%ADctor</text>
                      <textColor>4294967295</textColor>
                      <textSize>20</textSize>
                      <useDefaultTextSize>False</useDefaultTextSize>
                      <selectedIndex>-1</selectedIndex>
                    </control>
                    <control controlID="109C0414-A5E8-404B-9221-2B6D74FAAE9E" controlTypeID="TextArea" x="72" y="29" w="240" h="66" zOrder="2" repeatID="668FCC1C-1D4B-4082-AADC-27544C6CE969">
                      <font family="Segoe+UI" displayName="Segoe+UI" postScript="" weightStyle="Normal" weight="400" isBold="False" isItalic="False"/>
                      <text>agosto+de+2017</text>
                      <textColor>4293190884</textColor>
                      <selectedIndex>-1</selectedIndex>
                    </control>
                    <control controlID="D0A37F24-EAD2-4909-AF07-B1176E047F82" controlTypeID="TextArea" x="0" y="62" w="345" h="76" zOrder="3" repeatID="AC9357FC-3790-4B57-A136-7D4E1DA0254F">
                      <font family="Segoe+UI" displayName="Segoe+UI" postScript="" weightStyle="Normal" weight="400" isBold="False" isItalic="False"/>
                      <text>Realmente+una+%22perfect+location%22.+Cerca+de+todos+los+lugares+que+hay+que+visitar+en+La+Candelaria.+Con+restaurantes+y+lugares+de+compra+cercanos.+El+departamento+lindo+y+muy+bien+equipado+con+detalles+como+cafe+y+otros+que+facilitan+la+estancia.+La+comunicacion+con+los+anfitrione</text>
                      <textColor>4294967295</textColor>
                      <selectedIndex>-1</selectedIndex>
                    </control>
                    <control controlID="6BD884CA-16FA-4F63-BC61-8D701C75029A" controlTypeID="TextArea" x="38" y="542" w="240" h="66" zOrder="4" repeatID="C2AAE5C1-B1C1-4A57-912C-E1A6A3327271">
                      <font family="Segoe+UI" displayName="Segoe+UI" postScript="" weightStyle="Normal" weight="400" isBold="False" isItalic="False"/>
                      <text>In+sit+amet+condimentum+felis%2C+quis+finibus+sapien.+Nunc+felis+nisi%2C+pellentesque+accumsan+diam+ut%2C+accumsan+porta+turpis.+Pellentesque+maximus+nec+ipsum+id+condimentum.+Integer+consequat%2C+massa+eget+laoreet+scelerisque%2C+sapien+turpis+varius+urna%2C+et+tempor+justo+nisl+eu+lectus.+Mauris+vestibulum+nibh+id+tortor+varius%2C+vitae+dictum+tortor+maximus.+Fusce+vel+dignissim+turpis%2C+a+pulvinar+enim.+Sed+imperdiet+tellus+ac+ornare+semper.%0D%0A</text>
                      <selectedIndex>-1</selectedIndex>
                    </control>
                  </groupChildrenDescriptors>
                  <row>3</row>
                </control>
                <control controlID="90C71117-3074-426F-A942-4DC116BAEDF0" controlTypeID="RepeaterItem" x="0" y="632" w="345" h="138" zOrder="4" repeatID="90ABEFDE-E8B1-4C38-BDA7-3700F8C90364">
                  <canMove>False</canMove>
                  <groupChildrenDescriptors>
                    <control controlID="97719791-5076-424B-9998-9C0F0F6CE4AA" controlTypeID="Image" x="2" y="3" w="55" h="54" zOrder="0" repeatID="62EB048A-F338-4A95-9A96-7C847CBCC043">
                      <clipShapeType>SbEllipse</clipShapeType>
                      <URL>62354FD9F505E0F380C5BF351347DF6B.jpg</URL>
                    </control>
                    <control controlID="3F8DD9C8-F52B-4AF6-BDD0-346BBBE06496" controlTypeID="TextArea" x="72" y="0" w="240" h="66" zOrder="1" repeatID="3737C9C2-2196-40E7-B849-7F8A6278BAF6">
                      <font family="Segoe+UI" displayName="Segoe+UI" postScript="" weightStyle="Normal" weight="400" isBold="False" isItalic="False"/>
                      <text>Pau</text>
                      <textColor>4294967295</textColor>
                      <textSize>20</textSize>
                      <useDefaultTextSize>False</useDefaultTextSize>
                      <selectedIndex>-1</selectedIndex>
                    </control>
                    <control controlID="11EE8C01-95B6-4CE0-B6C9-A342099BB5E4" controlTypeID="TextArea" x="72" y="29" w="240" h="66" zOrder="2" repeatID="668FCC1C-1D4B-4082-AADC-27544C6CE969">
                      <font family="Segoe+UI" displayName="Segoe+UI" postScript="" weightStyle="Normal" weight="400" isBold="False" isItalic="False"/>
                      <text>Febrero+de+2017</text>
                      <textColor>4293190884</textColor>
                      <selectedIndex>-1</selectedIndex>
                    </control>
                    <control controlID="A22E6A4C-F11A-4000-B8EE-875B6926259C" controlTypeID="TextArea" x="0" y="62" w="345" h="76" zOrder="3" repeatID="AC9357FC-3790-4B57-A136-7D4E1DA0254F">
                      <font family="Segoe+UI" displayName="Segoe+UI" postScript="" weightStyle="Normal" weight="400" isBold="False" isItalic="False"/>
                      <text>El+departamento+fue+tal+cual+lo+vimos+en+las+fotos...+Super+limpio%2C+agradable+y+c%C3%B3modo.+Sin+ninguna+duda+un+lugar+perfecto+para+volver.+</text>
                      <textColor>4294967295</textColor>
                      <selectedIndex>-1</selectedIndex>
                    </control>
                    <control controlID="006FD3D0-042D-4BCE-B82E-E2A321A1B4B2" controlTypeID="TextArea" x="38" y="542" w="240" h="66" zOrder="4" repeatID="C2AAE5C1-B1C1-4A57-912C-E1A6A3327271">
                      <font family="Segoe+UI" displayName="Segoe+UI" postScript="" weightStyle="Normal" weight="400" isBold="False" isItalic="False"/>
                      <text>Febrero+de+2017</text>
                      <selectedIndex>-1</selectedIndex>
                    </control>
                  </groupChildrenDescriptors>
                  <row>4</row>
                </control>
              </groupChildrenDescriptors>
              <dashMode>SdSolid</dashMode>
              <separatorColor>4291875024</separatorColor>
              <separatorDashMode>SdSolid</separatorDashMode>
              <itemWidth>345</itemWidth>
              <itemHeight>138</itemHeight>
            </control>
          </groupChildrenDescriptors>
        </control>
        <control controlID="EFA77936-A22A-49C0-83D4-89381DADCEE6" controlTypeID="Border" x="0" y="0" w="379" h="667" zOrder="1">
          <color>4284900966</color>
          <borderColor>4278190080</borderColor>
          <borderVisible>False</borderVisible>
          <alias>borderLayer</alias>
        </control>
      </groupChildrenDescriptors>
    </control>
  </controls>
  <param>
    <backgroundColor>4294914918</backgroundColor>
    <fontSize>14</fontSize>
    <fontFamily>Segoe+UI</fontFamily>
    <guideLines/>
  </param>
</mockup>