﻿<mockup version="5.3" minAllowVersion="5.3" ID="D81B46C2-E051-40D7-A4E6-4E378AFCF37F" platform="MtMobile" defaultW="375" defaultH="667" measureW="375" measureH="667" screenOrientation="MoPortrait" mobileScreenScale="1.77777779102325" clipArea="(0,0,0,0)">
  <controls controlCount="13">
    <control controlID="64C99F2A-679A-4646-A846-61A7315FC0E0" controlTypeID="__group__" x="20" y="128" w="321" h="29" zOrder="0">
      <groupChildrenDescriptors>
        <control controlID="8387CE93-B430-4CDC-8401-1C25BEE7BB81" controlTypeID="Line" x="0" y="27" w="321" h="2" zOrder="0">
          <font family="Segoe+UI" displayName="Segoe+UI" postScript="" weightStyle="Normal" weight="400" isBold="False" isItalic="False"/>
          <textColor>4294967295</textColor>
          <textSize>14</textSize>
          <lineSpacing>0</lineSpacing>
          <selectedIndex>-1</selectedIndex>
          <controlPoint>(160,1)</controlPoint>
          <startPoint>(0,1)</startPoint>
          <endPoint>(321,1)</endPoint>
        </control>
        <control controlID="B17CB3BE-97A0-4379-B2C8-D272D27721ED" controlTypeID="TextArea" x="0" y="0" w="81" h="28" zOrder="1">
          <font family="Segoe+UI" displayName="Segoe+UI_%26_Bold" postScript="" weightStyle="Bold" weight="700" isBold="True" isItalic="False"/>
          <text>NOMBRE</text>
          <textColor>4294967295</textColor>
          <textStyles>[fsBold]</textStyles>
          <selectedIndex>-1</selectedIndex>
        </control>
      </groupChildrenDescriptors>
    </control>
    <control controlID="B5C6C6EC-41FF-4BAD-B1C0-AE0D12A2FAA4" controlTypeID="__group__" x="20" y="225" w="321" h="48" zOrder="1">
      <groupChildrenDescriptors>
        <control controlID="4D240949-0CA5-4B6E-A549-588A54AE441B" controlTypeID="Button" x="0" y="0" w="321" h="48" zOrder="0">
          <font family="Segoe+UI" displayName="Segoe+UI" postScript="" weightStyle="Normal" weight="400" isBold="False" isItalic="False"/>
          <text>SUBIR+FOTOS</text>
          <textColor>4294914918</textColor>
          <lineSpacing>0</lineSpacing>
          <selectedIndex>-1</selectedIndex>
        </control>
        <control controlID="C458B9DA-802F-4AB3-9156-624A3F7022EC" controlTypeID="Icon" x="275" y="6" w="37" h="37" zOrder="1">
          <color>4294914918</color>
          <icon>
            <ID/>
            <iconFontName>jdIonicons</iconFontName>
            <iconCode>62163</iconCode>
          </icon>
          <URL>C7D1B4CE058A7FC0691E8FF41CC36AD9.svg</URL>
        </control>
      </groupChildrenDescriptors>
    </control>
    <control controlID="F24690DA-E389-4BDD-BE2F-2ED8D786AEAA" controlTypeID="Map" x="0" y="319" w="375" h="251" zOrder="2"/>
    <control controlID="939D28D8-7BBE-4F28-B27F-65A1FFF97E7F" controlTypeID="TextArea" x="10" y="0" w="321" h="128" zOrder="3">
      <font family="Segoe+UI" displayName="Segoe+UI_%26_Bold" postScript="" weightStyle="Bold" weight="700" isBold="True" isItalic="False"/>
      <text>AGREGAR+ALOJAMIENTO</text>
      <textColor>4294967295</textColor>
      <textSize>32</textSize>
      <textStyles>[fsBold]</textStyles>
      <useDefaultTextSize>False</useDefaultTextSize>
      <selectedIndex>-1</selectedIndex>
    </control>
    <control controlID="301B239D-939E-4E3C-A85C-7AAB4A3E7CE0" controlTypeID="TextArea" x="122" y="294" w="116" h="25" zOrder="4">
      <font family="Segoe+UI" displayName="Segoe+UI_%26_Bold" postScript="" weightStyle="Bold" weight="700" isBold="True" isItalic="False"/>
      <text>LOCALIZACION</text>
      <textColor>4294967295</textColor>
      <textStyles>[fsBold]</textStyles>
      <selectedIndex>-1</selectedIndex>
    </control>
    <control controlID="2F71D8D5-5DB0-406D-98FF-B79D60FCB389" controlTypeID="__group__" x="20" y="167" w="321" h="29" zOrder="5">
      <groupChildrenDescriptors>
        <control controlID="34E5A5C5-90AA-4D2C-9647-282D5A4708E6" controlTypeID="Line" x="0" y="27" w="321" h="2" zOrder="0">
          <font family="Segoe+UI" displayName="Segoe+UI" postScript="" weightStyle="Normal" weight="400" isBold="False" isItalic="False"/>
          <textColor>4294967295</textColor>
          <textSize>14</textSize>
          <lineSpacing>0</lineSpacing>
          <selectedIndex>-1</selectedIndex>
          <controlPoint>(160,1)</controlPoint>
          <startPoint>(0,1)</startPoint>
          <endPoint>(321,1)</endPoint>
        </control>
        <control controlID="067A2C26-7826-466D-906A-8AD53FDDCBA1" controlTypeID="TextArea" x="0" y="0" w="144" h="28" zOrder="1">
          <font family="Segoe+UI" displayName="Segoe+UI_%26_Bold" postScript="" weightStyle="Bold" weight="700" isBold="True" isItalic="False"/>
          <text>CANTIDAD+MAXIMA</text>
          <textColor>4294967295</textColor>
          <textStyles>[fsBold]</textStyles>
          <selectedIndex>-1</selectedIndex>
        </control>
      </groupChildrenDescriptors>
    </control>
    <control controlID="1F8BF6AA-AED6-4F53-9F41-42B07AA2FC6E" controlTypeID="PointyButton" x="36" y="595" w="305" h="42" zOrder="6">
      <borderColor>4294914918</borderColor>
      <links eventType="AtClick" animate="AmNone" animateAutoDelay="0" animateDuration="500">
        <link targetPageID="B0F56E1A-4FEA-41EC-A853-0884D4623B95" linkType="ltPageLink" isApplyIncludePage="False" title="Page">
          <area shape="0" alt="" ID="{29F4D251-0AA2-4136-A01C-CBA215E2A662}" coords="(0,0,305,42)"/>
        </link>
      </links>
      <font family="Segoe+UI" displayName="Segoe+UI_%26_Bold" postScript="" weightStyle="Bold" weight="700" isBold="True" isItalic="False"/>
      <text>SIGUIENTE</text>
      <textColor>4294914918</textColor>
      <textSize>18</textSize>
      <lineSpacing>0</lineSpacing>
      <textStyles>[fsBold]</textStyles>
      <useDefaultTextSize>False</useDefaultTextSize>
      <selectedIndex>-1</selectedIndex>
    </control>
  </controls>
  <param>
    <backgroundColor>4294914918</backgroundColor>
    <fontSize>14</fontSize>
    <fontFamily>Segoe+UI</fontFamily>
    <guideLines/>
  </param>
</mockup>