﻿<mockup version="5.3" minAllowVersion="5.3" ID="EA5C7403-7F9A-4FB9-9825-221341F7FACF" platform="MtMobile" defaultW="375" defaultH="667" measureW="375" measureH="667" screenOrientation="MoPortrait" mobileScreenScale="1.77777779102325" clipArea="(0,0,0,0)">
  <controls controlCount="14">
    <control controlID="904719C3-0FF4-4A1F-B6DA-E52712D04B55" controlTypeID="Image" x="-30" y="-54" w="405" h="256" zOrder="0">
      <opacity>0.300000011920929</opacity>
      <URL>5BBAB6C8D534A14AD08FCABF1A1A7A3F.png</URL>
    </control>
    <control controlID="2D31DE62-AD3E-479E-ABC6-7F62A48A02CE" controlTypeID="TextArea" x="10" y="18" w="321" h="128" zOrder="1">
      <font family="Segoe+UI" displayName="Segoe+UI_%26_Bold" postScript="" weightStyle="Bold" weight="700" isBold="True" isItalic="False"/>
      <text>ELIMINAR+LUGAR+TURISTICO</text>
      <textColor>4294967295</textColor>
      <textSize>32</textSize>
      <textStyles>[fsBold]</textStyles>
      <useDefaultTextSize>False</useDefaultTextSize>
      <selectedIndex>-1</selectedIndex>
    </control>
    <control controlID="C66A56B9-054C-4AF5-B07E-EAA729D1DA73" controlTypeID="TableView" x="15" y="181" w="340" h="367" zOrder="2">
      <font family="Segoe+UI" displayName="Segoe+UI" postScript="" weightStyle="Normal" weight="400" isBold="False" isItalic="False"/>
      <text>Lugar1+-%3E%0D%0ALugar2+-%3E%0D%0ALugar3+-%3E%0D%0ALugar4+-%3E%0D%0ALugar5+-%3E%0D%0ALugar6+-%3E%0D%0ALugar7+-%3E%0D%0ALugar8+-%3E%0D%0ALugar9+-%3E%0D%0ALugar10+-%3E</text>
      <textSize>20</textSize>
      <lineSpacing>0</lineSpacing>
      <useDefaultTextSize>False</useDefaultTextSize>
    </control>
    <control controlID="442E225C-F48D-45B8-B33F-F1BCC6059418" controlTypeID="PointyButton" x="15" y="610" w="340" h="42" zOrder="3">
      <borderColor>4294914918</borderColor>
      <interactiveData>
        <entry title="">
          <area shape="0" alt="" ID="{656E6BCF-4FBF-4C84-8C29-5731EA43519C}" coords="(0,0,340,42)"/>
          <events title="">
            <event eventType="atClick" isChecked="True">
              <behaviour title="" isChecked="True" isWait="False" isLoop="False" execMode="emParallel">
                <target targetID="CB780DD9-70FA-4815-B008-196EB69D81F9" isChecked="True" isAutoRecovery="False" isLoop="False" execMode="emSequence">
                  <command name="Popup State Change" isChecked="True" descrition="">
                    <param name="AniInterpolation" value="0" varType="3" description=""/>
                    <param name="AniDuration" value="200" varType="3" description=""/>
                    <param name="AniAutoReverse" value="False" varType="11" description=""/>
                    <param name="AniLoop" value="False" varType="11" description=""/>
                    <param name="AniInterpolationTypeOut" value="False" varType="11" description=""/>
                    <param name="Delay" value="0" varType="3" description=""/>
                    <param name="Value" value="2" varType="3" description=""/>
                    <param name="AniType" value="0" varType="3" description=""/>
                  </command>
                </target>
              </behaviour>
            </event>
          </events>
        </entry>
      </interactiveData>
      <font family="Segoe+UI" displayName="Segoe+UI_%26_Bold" postScript="" weightStyle="Bold" weight="700" isBold="True" isItalic="False"/>
      <text>ELIMINAR</text>
      <textColor>4294914918</textColor>
      <textSize>14</textSize>
      <lineSpacing>0</lineSpacing>
      <textStyles>[fsBold]</textStyles>
      <selectedIndex>-1</selectedIndex>
    </control>
    <control controlID="CB780DD9-70FA-4815-B008-196EB69D81F9" controlTypeID="AlertWindow" x="-156" y="502" w="46" h="46" zOrder="4">
      <groupChildrenDescriptors>
        <control controlID="EE2A2F33-1896-4F47-9B4F-03331049DD04" controlTypeID="Panel" x="0" y="0" w="375" h="667" zOrder="0">
          <locked>True</locked>
          <color>1879048192</color>
          <borderVisible>False</borderVisible>
          <canMove>False</canMove>
          <alias>background</alias>
          <groupChildrenDescriptors>
            <control controlID="DE321B9D-1AA0-41A6-AD48-1E467C4D610F" controlTypeID="Border" x="0" y="0" w="375" h="667" zOrder="0">
              <borderVisible>False</borderVisible>
              <alias>borderLayer</alias>
            </control>
          </groupChildrenDescriptors>
          <thinkness>1</thinkness>
        </control>
        <control controlID="E4F77C94-86D0-4D0F-91E9-D8284113F62B" controlTypeID="PopupPanelContent" x="62" y="252" w="250" h="162" zOrder="1">
          <color>16777215</color>
          <alias>content</alias>
          <groupChildrenDescriptors>
            <control controlID="12BE4069-045E-4A26-ADC1-0095518F74E4" controlTypeID="Alert" x="0" y="0" w="250" h="162" zOrder="0">
              <alias>alert</alias>
              <links eventType="AtClick" animate="AmNone" animateAutoDelay="0" animateDuration="500">
                <link targetPageID="78CC37F3-480C-42CD-A995-6D511235713E" linkType="ltPageLink" isApplyIncludePage="False" title="No">
                  <area shape="0" alt="" ID="{F16D7AC7-86A2-464C-B34A-273AA395B55E}" coords="(4.5,126.5,120.5,157.5)"/>
                </link>
                <link targetPageID="" linkType="ltPageLink" isApplyIncludePage="False" title="Si">
                  <area shape="0" alt="" ID="{BE8A278E-A7AE-4B10-B48E-1387B6369F57}" coords="(129.5,126.5,245.5,157.5)"/>
                </link>
              </links>
              <interactiveData>
                <entry title="No">
                  <area shape="0" alt="" ID="{4A33B790-29C7-4C28-BD4B-E309C4BE7C6E}" coords="(4.5,126.5,120.5,157.5)"/>
                  <events title=""/>
                </entry>
                <entry title="Si">
                  <area shape="0" alt="" ID="{F5351A9F-AA22-4EFA-B05B-A74BC7F869C8}" coords="(129.5,126.5,245.5,157.5)"/>
                  <events title="">
                    <event eventType="atClick" isChecked="True">
                      <behaviour title="" isChecked="True" isWait="False" isLoop="False" execMode="emParallel">
                        <target targetID="98DDE514-F804-45BD-864D-987D6562896E" isChecked="True" isAutoRecovery="False" isLoop="False" execMode="emSequence">
                          <command name="Popup State Change" isChecked="True" descrition="">
                            <param name="AniInterpolation" value="0" varType="3" description=""/>
                            <param name="AniDuration" value="200" varType="3" description=""/>
                            <param name="AniAutoReverse" value="False" varType="11" description=""/>
                            <param name="AniLoop" value="False" varType="11" description=""/>
                            <param name="AniInterpolationTypeOut" value="False" varType="11" description=""/>
                            <param name="Delay" value="0" varType="3" description=""/>
                            <param name="Value" value="2" varType="3" description=""/>
                            <param name="AniType" value="0" varType="3" description=""/>
                          </command>
                        </target>
                      </behaviour>
                    </event>
                  </events>
                </entry>
              </interactiveData>
              <font family="Segoe+UI" displayName="Segoe+UI" postScript="" weightStyle="Normal" weight="400" isBold="False" isItalic="False"/>
              <text>Eliminar%0D%0A%C2%BFSeguro+desea+eliminar+el+lugar+seleccionado%3F+%0D%0ANo%2CSi</text>
              <textSize>14</textSize>
              <lineSpacing>0</lineSpacing>
            </control>
          </groupChildrenDescriptors>
        </control>
      </groupChildrenDescriptors>
    </control>
    <control controlID="98DDE514-F804-45BD-864D-987D6562896E" controlTypeID="AlertWindow" x="-164" y="392" w="46" h="46" zOrder="5">
      <groupChildrenDescriptors>
        <control controlID="0120623F-39C9-44A3-9987-F0B7327A31D9" controlTypeID="Panel" x="0" y="0" w="375" h="667" zOrder="0">
          <locked>True</locked>
          <color>1879048192</color>
          <borderVisible>False</borderVisible>
          <canMove>False</canMove>
          <alias>background</alias>
          <groupChildrenDescriptors>
            <control controlID="F35FBAD4-7051-4154-9688-6785BE667B6F" controlTypeID="Border" x="0" y="0" w="375" h="667" zOrder="0">
              <borderVisible>False</borderVisible>
              <alias>borderLayer</alias>
            </control>
          </groupChildrenDescriptors>
          <thinkness>1</thinkness>
        </control>
        <control controlID="EFC71ADC-7595-42A3-B484-EA4BE9D46896" controlTypeID="PopupPanelContent" x="62" y="252" w="250" h="162" zOrder="1">
          <color>16777215</color>
          <alias>content</alias>
          <groupChildrenDescriptors>
            <control controlID="89762A30-D3CE-47D7-9BAF-39FB6841B2D7" controlTypeID="Alert" x="0" y="0" w="250" h="162" zOrder="0">
              <alias>alert</alias>
              <links eventType="AtClick" animate="AmNone" animateAutoDelay="0" animateDuration="500">
                <link targetPageID="78CC37F3-480C-42CD-A995-6D511235713E" linkType="ltPageLink" isApplyIncludePage="False" title="Ok">
                  <area shape="0" alt="" ID="{2BF24734-9368-4992-B145-D5068A2A2C71}" coords="(4.5,126.5,245.5,157.5)"/>
                </link>
                <link targetPageID="" linkType="ltPageLink" isApplyIncludePage="False" title="">
                  <area shape="0" alt="" ID="{ADE325B9-43FD-4132-B58B-979DAB2620EF}" coords="(0,0,0,0)"/>
                </link>
              </links>
              <font family="Segoe+UI" displayName="Segoe+UI" postScript="" weightStyle="Normal" weight="400" isBold="False" isItalic="False"/>
              <text>Eliminar%0D%0AEliminaci%C3%B3n+exitosa+%0D%0AOk</text>
              <textSize>14</textSize>
              <lineSpacing>0</lineSpacing>
            </control>
          </groupChildrenDescriptors>
        </control>
      </groupChildrenDescriptors>
    </control>
  </controls>
  <param>
    <backgroundColor>4294914918</backgroundColor>
    <fontSize>14</fontSize>
    <fontFamily>Segoe+UI</fontFamily>
    <guideLines/>
  </param>
</mockup>