﻿<mockup version="5.3" minAllowVersion="5.3" ID="FF4BBB6F-3DA3-46CF-953C-524927FDD622" platform="MtMobile" defaultW="375" defaultH="667" measureW="375" measureH="667" screenOrientation="MoPortrait" mobileScreenScale="1.77777779102325" clipArea="(0,0,0,0)">
  <controls controlCount="9">
    <control controlID="7CFD8117-A36D-4311-A16D-B470581A6E70" controlTypeID="Image" x="1" y="-52" w="372" h="321" zOrder="0">
      <opacity>0.5</opacity>
      <URL>97D4F3C662D19EC563BD0682AD2EBBFC.png</URL>
    </control>
    <control controlID="1E750670-3657-4780-9403-EE779A4F80AE" controlTypeID="HRule" x="28" y="314" w="305" h="12" zOrder="1">
      <color>4291611852</color>
    </control>
    <control controlID="8CB7B28B-290D-4C03-A386-5A014A534B8D" controlTypeID="HRule" x="28" y="416" w="305" h="12" zOrder="2">
      <color>4291611852</color>
    </control>
    <control controlID="DB2398CB-3D30-4655-9DD1-E9788993D743" controlTypeID="Label" x="28" y="269" w="61" h="19" zOrder="3">
      <color>16777215</color>
      <font family="Segoe+UI" displayName="Segoe+UI_%26_Bold" postScript="" weightStyle="Bold" weight="700" isBold="True" isItalic="False"/>
      <text>USUARIO</text>
      <textColor>4294967295</textColor>
      <lineSpacing>0</lineSpacing>
      <textStyles>[fsBold]</textStyles>
      <selectedIndex>-1</selectedIndex>
    </control>
    <control controlID="BF7B0D52-325A-4E35-8C9A-39DD50EB74B0" controlTypeID="Label" x="36" y="368" w="42" h="19" zOrder="4">
      <font family="Segoe+UI" displayName="Segoe+UI_%26_Bold" postScript="" weightStyle="Bold" weight="700" isBold="True" isItalic="False"/>
      <text>CLAVE</text>
      <textColor>4294967295</textColor>
      <lineSpacing>0</lineSpacing>
      <textStyles>[fsBold]</textStyles>
      <selectedIndex>-1</selectedIndex>
    </control>
    <control controlID="C78C8564-DC4C-4EEA-95B9-9ACDC8E2944C" controlTypeID="PointyButton" x="28" y="478" w="305" h="42" zOrder="5">
      <borderColor>4294914918</borderColor>
      <links eventType="AtClick" animate="AmNone" animateAutoDelay="0" animateDuration="500">
        <link targetPageID="4A25728C-23A3-45CE-B19F-11BE66CA3488" linkType="ltPageLink" isApplyIncludePage="False" title="IHuesped">
          <area shape="0" alt="" ID="{881286EC-1C4D-4CE0-AA96-9EF367767C9F}" coords="(0,0,305,42)"/>
        </link>
      </links>
      <font family="Segoe+UI" displayName="Segoe+UI_%26_Bold" postScript="" weightStyle="Bold" weight="700" isBold="True" isItalic="False"/>
      <text>LOGIN</text>
      <textColor>4294914918</textColor>
      <textSize>14</textSize>
      <lineSpacing>0</lineSpacing>
      <textStyles>[fsBold]</textStyles>
      <selectedIndex>-1</selectedIndex>
    </control>
    <control controlID="907AA112-D37E-4F70-9879-77B2CAFDE7BA" controlTypeID="PointyButton" x="28" y="550" w="305" h="42" zOrder="6">
      <borderColor>4294914918</borderColor>
      <links eventType="AtClick" animate="AmNone" animateAutoDelay="0" animateDuration="500">
        <link targetPageID="2CEF0520-4CB6-4CED-B5EF-28C1569FB34F" linkType="ltPageLink" isApplyIncludePage="False" title="Crear+Usuario">
          <area shape="0" alt="" ID="{4A94EE62-C93C-4CBC-A4BE-B849546874A9}" coords="(0,0,305,42)"/>
        </link>
      </links>
      <font family="Segoe+UI" displayName="Segoe+UI_%26_Bold" postScript="" weightStyle="Bold" weight="700" isBold="True" isItalic="False"/>
      <text>REGISTRO</text>
      <textColor>4294914918</textColor>
      <textSize>14</textSize>
      <lineSpacing>0</lineSpacing>
      <textStyles>[fsBold]</textStyles>
      <selectedIndex>-1</selectedIndex>
    </control>
    <control controlID="B357A137-B84E-44A3-8CC8-68B9D8609666" controlTypeID="Master" x="62" y="30" w="235" h="80" zOrder="7" masterID="6D7ED2EA-94C4-4623-B7E6-B0F4A2848BBD">
      <groupChildrenDescriptors>
        <control controlID="4A27E6C3-D388-4713-B110-E3B56ECD36F9" controlTypeID="Label" x="0" y="0" w="235" h="80" zOrder="0">
          <font family="Segoe+UI" displayName="Segoe+UI" postScript="" weightStyle="Normal" weight="400" isBold="False" isItalic="False"/>
          <text>JBooking</text>
          <textColor>4294967295</textColor>
          <textSize>60</textSize>
          <lineSpacing>0</lineSpacing>
          <useDefaultTextSize>False</useDefaultTextSize>
          <selectedIndex>-1</selectedIndex>
        </control>
      </groupChildrenDescriptors>
    </control>
  </controls>
  <param>
    <backgroundColor>4294914918</backgroundColor>
    <fontSize>14</fontSize>
    <fontFamily>Segoe+UI</fontFamily>
    <guideLines/>
  </param>
</mockup>